seed,firm_id,step,price,wage,employees,inventory,production,capital,profit,revenue,costs,sales,quality,marketing,bankrupt
1002324,firm_0,1,62.26,36.23,10,0,114,104432.59,6629.74,7097.64,467.9,114,0.35,0.42,False
1002324,firm_0,2,56.03,39.85,11,0,127,110111.6,6617.36,7115.81,498.45,127,0.35,0.32,False
1002324,firm_0,3,53.23,41.84,11,0,128,115657.6,6306.24,6813.44,507.2,128,0.4,0.42,False
1002324,firm_0,4,55.89,39.75,11,0,127,121507.23,6586.88,7098.03,511.15,127,0.45,0.52,False
1002324,firm_0,5,61.48,41.74,11,0,126,128285.87,7237.78,7746.48,508.7,126,0.45,0.42,False
1002324,firm_0,6,55.33,41.74,11,0,127,134342.49,6515.76,7026.91,511.15,127,0.45,0.32,False
1002324,firm_0,7,60.86,37.57,12,0,138,141152.23,7860.58,8398.68,538.1,138,0.45,0.42,False
1002324,firm_0,8,60.86,35.69,13,0,149,148483.9,8495.64,9068.14,572.5,149,0.5,0.42,False
1002324,firm_0,9,66.95,35.69,13,0,149,157115.53,9395.6,9975.55,579.95,149,0.55,0.52,False
1002324,firm_0,10,73.65,32.12,14,0,160,167133.85,11168.0,11784.0,616.0,160,0.6,0.42,False
1002324,firm_0,11,77.33,32.12,15,0,172,178597.01,12644.96,13300.76,655.8,172,0.65,0.32,False
1002324,firm_0,12,85.06,28.91,16,0,182,192123.97,14789.52,15480.92,691.4,182,0.7,0.42,False
1002324,firm_0,13,80.81,26.02,17,0,193,205747.21,14865.58,15596.33,730.75,193,0.75,0.52,False
1002324,firm_0,14,88.89,24.72,18,0,205,222160.95,17458.7,18222.45,763.75,205,0.75,0.62,False
1002324,firm_0,15,97.78,25.96,19,0,216,241494.19,20326.48,21120.48,794.0,216,0.75,0.62,False
1002324,firm_0,16,102.67,27.26,20,0,229,263130.67,22681.68,23511.43,829.75,229,0.75,0.62,False
1002324,firm_0,17,97.54,28.62,21,0,240,284579.25,22549.6,23409.6,860.0,240,0.75,0.62,False
1002324,firm_0,18,92.66,30.05,22,0,252,305875.47,22457.32,23350.32,893.0,252,0.75,0.62,False
1002324,firm_0,19,83.39,31.55,23,0,263,325658.14,21008.32,21931.57,923.25,263,0.75,0.62,False
1002324,firm_0,20,87.56,33.13,24,0,275,347485.77,23122.75,24079.0,956.25,275,0.75,0.62,False
1002324,firm_0,21,91.94,29.82,25,0,286,371548.61,25308.34,26294.84,986.5,286,0.75,0.62,False
1002324,firm_0,22,82.75,31.31,26,0,297,393794.55,23560.0,24576.75,1016.75,297,0.75,0.62,False
1002324,firm_0,23,86.89,31.31,27,0,309,418148.44,25799.26,26849.01,1049.75,309,0.75,0.72,False
1002324,firm_0,24,91.23,31.31,28,0,320,444885.36,28113.6,29193.6,1080.0,320,0.75,0.72,False
1002324,firm_0,25,95.79,32.88,29,0,332,474021.12,30689.28,31802.28,1113.0,332,0.75,0.82,False
1002324,firm_0,26,86.21,34.52,30,0,343,500695.15,28409.63,29570.03,1160.4,343,0.8,0.82,False
1002324,firm_0,27,77.59,31.07,31,0,354,525507.64,26275.66,27466.86,1191.2,354,0.8,0.82,False
1002324,firm_0,28,81.47,27.96,32,0,366,552706.14,28593.22,29818.02,1224.8,366,0.8,0.72,False
1002324,firm_0,29,85.54,29.36,33,0,377,582230.24,30992.98,32248.58,1255.6,377,0.8,0.72,False
1002324,firm_0,30,89.82,32.3,34,0,391,614456.86,33824.82,35119.62,1294.8,391,0.8,0.72,False
1002324,firm_0,31,94.31,35.53,35,0,402,649300.33,36587.02,37912.62,1325.6,402,0.8,0.72,False
1002324,firm_0,32,89.59,37.31,36,0,414,683188.23,35731.06,37090.26,1359.2,414,0.8,0.62,False
1002324,firm_0,33,94.07,39.18,37,0,425,719828.32,38589.75,39979.75,1390.0,425,0.8,0.62,False
1002324,firm_0,34,98.77,41.14,36,0,413,757562.24,39414.96,40792.01,1377.05,413,0.85,0.52,False
1002324,firm_0,35,103.71,45.25,37,0,425,797832.24,42644.25,44076.75,1432.5,425,0.9,0.52,False
1002324,firm_0,36,108.9,47.51,38,0,436,841542.86,46016.0,47480.4,1464.4,436,0.9,0.52,False
1002324,firm_0,37,103.46,49.89,39,0,448,883725.63,44828.48,46350.08,1521.6,448,0.95,0.52,False
1002324,firm_0,38,108.63,52.38,40,0,459,929437.55,48307.12,49861.17,1554.05,459,0.95,0.52,False
1002324,firm_0,39,114.06,55.0,41,0,471,978591.81,52109.26,53722.26,1613.0,471,1.0,0.52,False
1002324,firm_0,40,119.76,57.75,42,0,482,1031520.53,56054.22,57724.32,1670.1,482,1.05,0.42,False
1002324,firm_0,41,125.75,60.64,43,0,493,1088479.46,60266.45,61994.75,1728.3,493,1.1,0.42,False
1002324,firm_0,42,119.46,63.67,44,0,505,1143514.53,58536.55,60327.3,1790.75,505,1.15,0.42,False
1002324,firm_0,43,125.43,66.85,45,152,516,1182851.6,43045.32,45656.52,2611.2,364,1.2,0.42,False
1002324,firm_0,44,112.89,70.19,46,0,528,1253772.06,74849.2,76765.2,1916.0,680,1.25,0.42,False
1002324,firm_0,45,118.53,73.7,47,0,543,1311978.05,62369.89,64361.79,1991.9,543,1.3,0.32,False
1002324,firm_0,46,124.46,77.39,48,0,555,1374579.38,67016.05,69075.3,2059.25,555,1.35,0.22,False
1002324,firm_0,47,130.68,81.26,49,247,562,1407944.14,37846.5,41164.2,3317.7,315,1.35,0.12,False
1002324,firm_0,48,117.61,85.32,49,0,562,1496599.15,93035.69,95146.49,2110.8,809,1.4,0.12,False
1002324,firm_0,49,123.49,89.59,50,256,577,1527818.14,36198.49,39640.29,3441.8,321,1.4,0.1,False
1002324,firm_0,50,111.14,94.07,51,0,589,1614001.82,91681.25,93913.3,2232.05,845,1.45,0.1,False
1002324,firm_0,51,122.25,84.66,52,244,600,1648900.5,40001.0,43521.0,3520.0,356,1.5,0.1,False
1002324,firm_0,52,110.02,88.89,53,15,612,1733568.55,90079.22,92526.82,2447.6,841,1.55,0.1,False
1002324,firm_0,53,115.52,93.33,54,337,623,1758603.6,30674.87,34771.52,4096.65,301,1.55,0.2,False
1002324,firm_0,54,103.97,98.0,55,117,635,1838336.95,85823.35,88894.35,3071.0,855,1.6,0.2,False
1002324,firm_0,55,93.57,102.9,56,0,646,1900710.56,68836.01,71393.91,2557.9,763,1.65,0.2,False
1002324,firm_0,56,98.25,108.05,57,0,658,1956098.51,62046.8,64648.5,2601.7,658,1.65,0.2,False
1002324,firm_0,57,93.34,113.45,58,0,669,2008587.57,59769.16,62444.46,2675.3,669,1.7,0.1,False
1002324,firm_0,58,102.67,119.12,59,474,681,2017122.48,16162.99,21252.69,5089.7,207,1.7,0.2,False
1002324,firm_0,59,92.4,125.08,60,0,692,2113861.08,104943.4,107738.4,2795.0,1166,1.75,0.2,False
1002324,firm_0,60,97.02,131.33,61,343,704,2135583.97,30434.02,35024.22,4590.2,361,1.8,0.1,False
1002324,firm_0,61,87.32,137.9,62,0,715,2215765.98,89431.81,92384.56,2952.75,1058,1.85,0.1,False
1002324,firm_0,62,78.59,144.8,63,0,726,2259968.52,54024.94,57056.34,3031.4,726,1.9,0.1,False
1002324,firm_0,63,74.66,152.04,64,0,738,2301521.94,51983.98,55099.08,3115.1,738,1.95,0.1,False
1002324,firm_0,64,70.93,136.84,65,0,749,2341995.36,49968.02,53126.57,3158.55,749,1.95,0.2,False
1002324,firm_0,65,67.38,136.84,66,0,761,2380434.15,48070.23,51276.18,3205.95,761,1.95,0.3,False
1002324,firm_0,66,64.01,143.68,67,0,772,2416473.91,46166.32,49415.72,3249.4,772,1.95,0.2,False
1002324,firm_0,67,60.81,150.86,68,0,784,2450093.67,44378.24,47675.04,3296.8,784,1.95,0.1,False
1002324,firm_0,68,57.77,158.4,69,0,795,2481250.97,42586.9,45927.15,3340.25,795,1.95,0.1,False
1002324,firm_0,69,60.66,174.24,69,0,795,2514112.86,44884.45,48224.7,3340.25,795,1.95,0.1,False
1002324,firm_0,70,66.73,165.53,70,49,806,2548911.67,46885.91,50514.61,3628.7,757,1.95,0.1,False
1002324,firm_0,71,73.4,173.81,70,0,806,2595777.97,59333.0,62757.0,3424.0,855,2.0,0.2,False
1002324,firm_0,72,69.73,182.5,69,0,795,2635240.82,52055.35,55435.35,3380.0,795,2.0,0.1,False
1002324,firm_0,73,66.24,191.62,70,0,806,2671052.56,49925.14,53389.44,3464.3,806,2.05,0.1,False
1002324,firm_0,74,72.86,201.2,71,53,818,2707986.46,51919.1,55737.9,3818.8,765,2.1,0.1,False
1002324,firm_0,75,69.22,211.26,72,0,829,2749728.88,57453.14,61052.04,3598.9,882,2.1,0.1,False
1002324,firm_0,76,62.3,232.39,73,0,840,2780952.41,48688.0,52332.0,3644.0,840,2.1,0.1,False
1002324,firm_0,77,62.3,232.39,72,0,829,2812268.13,48047.8,51646.7,3598.9,829,2.1,0.1,False
1002324,firm_0,78,56.07,244.01,73,0,840,2837168.2,43412.8,47098.8,3686.0,840,2.15,0.1,False
1002324,firm_0,79,58.87,219.61,74,0,851,2866541.23,46324.17,50098.37,3774.2,851,2.2,0.1,False
1002324,firm_0,80,58.87,197.65,74,0,851,2898239.3,46324.17,50098.37,3774.2,851,2.2,0.1,False
1002324,firm_0,81,55.93,177.89,75,0,863,2928840.54,44442.99,48267.59,3824.6,863,2.2,0.1,False
1002324,firm_0,82,53.13,160.1,76,0,868,2958444.18,42271.24,46116.84,3845.6,868,2.2,0.1,False
1002324,firm_0,83,53.13,168.1,77,0,885,2988103.53,43103.05,47020.05,3917.0,885,2.2,0.1,False
1002324,firm_0,84,47.82,176.5,78,0,897,3012763.67,38927.14,42894.54,3967.4,897,2.2,0.1,False
1002324,firm_0,85,52.6,158.85,79,0,908,3043461.72,43747.2,47760.8,4013.6,908,2.2,0.1,False
1002324,firm_0,86,55.23,142.96,79,0,901,3077700.86,45732.98,49762.23,4029.25,901,2.25,0.1,False
1002324,firm_0,87,52.47,150.11,80,0,912,3108968.7,43776.64,47852.64,4076.0,912,2.25,0.1,False
1002324,firm_0,88,49.85,135.1,81,0,923,3139168.25,41842.65,46011.55,4168.9,923,2.3,0.1,False
1002324,firm_0,89,47.36,141.85,81,0,923,3167222.78,39544.38,43713.28,4168.9,923,2.3,0.1,False
1002324,firm_0,90,49.73,156.04,82,0,934,3196159.12,42231.62,46447.82,4216.2,934,2.3,0.1,False
1002324,firm_0,91,47.24,171.64,83,0,945,3221544.05,40331.05,44641.8,4310.75,945,2.35,0.1,False
1002324,firm_0,92,44.88,180.22,83,0,945,3244686.64,38100.85,42411.6,4310.75,945,2.35,0.1,False
1002324,firm_0,93,40.39,189.23,84,0,956,3262297.76,34206.44,38612.84,4406.4,956,2.4,0.1,False
1002324,firm_0,94,38.37,198.69,85,0,968,3277592.07,32682.96,37142.16,4459.2,968,2.4,0.1,False
1002324,firm_0,95,36.45,208.62,85,0,967,3290403.37,30744.0,35247.15,4503.15,967,2.45,0.1,False
1002324,firm_0,96,36.45,208.62,85,0,967,3303066.32,30695.65,35247.15,4551.5,967,2.5,0.2,False
1002324,firm_0,97,34.63,219.05,86,0,978,3312746.26,29218.24,33868.14,4649.9,978,2.55,0.1,False
1002324,firm_0,98,32.9,219.05,87,0,998,3321282.21,28093.3,32834.2,4740.9,998,2.55,0.1,False
1002324,firm_0,99,31.25,219.05,87,0,997,3328294.91,26370.05,31156.25,4786.2,997,2.6,0.2,False
1002324,firm_0,100,32.81,240.96,88,0,1009,3334854.32,28263.89,33105.29,4841.4,1009,2.6,0.1,False
1002324,firm_1,1,48.22,38.13,21,0,242,120076.13,10881.18,11669.24,788.06,242,0.43,0.35,False
1002324,firm_1,2,53.04,34.32,22,0,252,131374.81,12553.72,13366.08,812.36,252,0.43,0.25,False
1002324,firm_1,3,55.69,36.04,23,0,263,143640.12,13794.23,14646.47,852.24,263,0.48,0.25,False
1002324,firm_1,4,52.91,32.44,24,0,274,155765.68,13604.12,14497.34,893.22,274,0.53,0.25,False
1002324,firm_1,5,58.2,34.06,25,0,285,169865.88,15651.7,16587.0,935.3,285,0.58,0.15,False
1002324,firm_1,6,64.02,32.36,26,0,296,186410.76,17986.24,18949.92,963.68,296,0.58,0.25,False
1002324,firm_1,7,70.42,32.36,27,0,307,205563.92,20626.88,21618.94,992.06,307,0.58,0.35,False
1002324,firm_1,8,77.46,30.74,28,0,319,227789.92,23686.72,24709.74,1023.02,319,0.58,0.45,False
1002324,firm_1,9,85.21,29.2,29,0,330,253411.02,27067.9,28119.3,1051.4,330,0.58,0.55,False
1002324,firm_1,10,93.73,27.74,30,0,339,282678.67,30699.85,31774.47,1074.62,339,0.58,0.65,False
1002324,firm_1,11,103.1,26.35,31,0,350,316243.82,34982.0,36085.0,1103.0,350,0.58,0.75,False
1002324,firm_1,12,113.41,25.03,32,0,361,354652.49,39809.63,40941.01,1131.38,361,0.58,0.85,False
1002324,firm_1,13,124.75,23.78,33,0,372,398514.99,45247.24,46407.0,1159.76,372,0.58,0.95,False
1002324,firm_1,14,137.23,22.59,34,0,383,448517.88,51370.95,52559.09,1188.14,383,0.58,1.05,False
1002324,firm_1,15,150.95,21.46,35,0,394,505424.56,58257.78,59474.3,1216.52,394,0.58,1.15,False
1002324,firm_1,16,166.04,20.39,36,0,405,570091.82,66001.3,67246.2,1244.9,405,0.58,1.25,False
1002324,firm_1,17,182.64,19.37,37,0,415,643300.03,74524.9,75795.6,1270.7,415,0.58,1.35,False
1002324,firm_1,18,200.9,18.4,38,0,426,726285.15,84284.32,85583.4,1299.08,426,0.58,1.45,False
1002324,firm_1,19,220.99,17.48,39,0,437,820248.6,95245.17,96572.63,1327.46,437,0.58,1.55,False
1002324,firm_1,20,243.09,16.61,40,0,448,926532.68,107548.48,108904.32,1355.84,448,0.58,1.65,False
1002324,firm_1,21,267.4,15.78,41,0,459,1046638.08,121352.38,122736.6,1384.22,459,0.58,1.75,False
1002324,firm_1,22,294.14,14.99,42,0,469,1181950.14,136541.64,137951.66,1410.02,469,0.58,1.85,False
1002324,firm_1,23,323.55,15.74,43,480,480,1176834.92,-3838.4,0.0,3838.4,0,0.58,1.95,False
1002324,firm_1,24,291.2,16.53,44,974,494,1168938.38,-6369.22,0.0,6369.22,0,0.63,2.05,False
1002324,firm_1,25,262.08,14.88,45,1353,502,1191394.26,23925.48,32235.84,8310.36,123,0.68,2.15,False
1002324,firm_1,26,235.87,13.39,46,385,513,1535776.3,345797.98,349323.47,3525.49,1481,0.73,2.25,False
1002324,firm_1,27,212.28,12.05,47,0,524,1725715.75,191305.8,192962.52,1656.72,909,0.78,2.35,False
1002324,firm_1,28,233.51,12.65,48,178,534,1805063.59,80555.04,83129.56,2574.52,356,0.78,2.45,False
1002324,firm_1,29,256.86,13.28,49,374,545,1889871.91,86059.04,89644.14,3585.1,349,0.78,2.55,False
1002324,firm_1,30,231.17,13.94,50,0,556,2101589.53,213214.62,214988.1,1773.48,930,0.83,2.65,False
1002324,firm_1,31,254.29,14.64,51,192,566,2192585.57,92342.68,95104.46,2761.78,374,0.83,2.75,False
1002324,firm_1,32,279.72,15.37,52,218,579,2342942.92,151756.59,154685.16,2928.57,553,0.83,2.85,False
1002324,firm_1,33,307.69,16.14,53,613,590,2396322.85,55035.35,59999.55,4964.2,195,0.88,2.95,False
1002324,firm_1,34,276.92,16.95,54,141,601,2689076.78,294469.23,297135.16,2665.93,1073,0.93,3.05,False
1002324,firm_1,35,304.61,17.8,55,396,615,2792944.68,105646.9,109659.6,4012.7,360,0.98,3.15,False
1002324,firm_1,36,274.15,18.69,56,0,631,3070538.16,279440.12,281552.05,2111.93,1027,1.03,3.25,False
1002324,firm_1,37,301.56,19.62,57,641,641,3063472.59,-5347.23,0.0,5347.23,0,1.03,3.35,False
1002324,firm_1,38,271.4,20.6,58,1162,653,3089281.35,27803.56,35824.8,8021.24,132,1.08,3.45,False
1002324,firm_1,39,244.26,18.54,59,100,664,3506201.93,418814.44,421592.76,2778.32,1726,1.13,3.55,False
1002324,firm_1,40,268.69,19.47,60,750,675,3504854.48,620.75,6717.25,6096.5,25,1.18,3.65,False
1002324,firm_1,41,241.82,20.44,61,297,686,3774339.84,271532.2,275432.98,3900.78,1139,1.23,3.75,False
1002324,firm_1,42,217.64,21.46,62,0,697,3986057.32,213848.0,216334.16,2486.16,994,1.28,3.85,False
1002324,firm_1,43,239.4,22.53,63,300,708,4077690.89,93652.96,97675.2,4022.24,408,1.28,3.95,False
1002324,firm_1,44,215.46,23.66,64,0,719,4292572.07,216995.42,219553.74,2558.32,1019,1.28,4.05,False
1002324,firm_1,45,237.01,24.84,65,0,730,4460780.37,170422.9,173017.3,2594.4,730,1.28,4.15,False
1002324,firm_1,46,260.71,23.6,66,728,740,4455484.09,-3138.68,3128.52,6267.2,12,1.28,4.25,False
1002324,firm_1,47,234.64,24.78,67,24,751,4791604.2,338580.37,341401.2,2820.83,1455,1.33,4.35,False
1002324,firm_1,48,258.1,26.02,68,786,762,4782329.28,-6705.56,0.0,6705.56,0,1.38,4.45,False
1002324,firm_1,49,232.29,27.32,69,740,773,4963338.32,183694.12,190245.51,6551.39,819,1.43,4.55,False
1002324,firm_1,50,209.06,24.59,70,0,784,5276496.14,315679.12,318607.44,2928.32,1524,1.48,4.65,False
1002324,firm_1,51,229.97,25.82,71,794,794,5267129.8,-6933.12,0.0,6933.12,0,1.48,4.75,False
1002324,firm_1,52,206.97,27.11,72,417,805,5503889.77,239511.89,244638.54,5126.65,1182,1.53,4.85,False
1002324,firm_1,53,186.27,28.47,73,0,816,5727561.09,226549.63,229670.91,3121.28,1233,1.58,4.95,False
1002324,firm_1,54,204.9,29.89,74,112,827,5867532.07,142782.84,146503.5,3720.66,715,1.58,5.05,False
1002324,firm_1,55,225.39,28.4,75,798,838,5891871.31,27069.24,34259.28,7190.04,152,1.58,5.15,False
1002324,firm_1,56,202.85,29.82,76,332,849,6150610.87,261805.88,266747.75,4941.87,1315,1.63,5.25,False
1002324,firm_1,57,182.56,31.31,77,0,859,6361467.84,214067.84,217428.96,3361.12,1191,1.68,5.35,False
1002324,firm_1,58,200.82,29.74,78,548,870,6417070.56,58522.44,64664.04,6141.6,322,1.68,5.45,False
1002324,firm_1,59,180.74,31.23,79,0,881,6668594.72,254791.33,258277.46,3486.13,1429,1.73,5.55,False
1002324,firm_1,60,198.81,29.67,80,294,892,6779512.34,113891.22,118888.38,4997.16,598,1.73,5.65,False
1002324,firm_1,61,178.93,31.15,81,0,902,6986579.91,210390.72,214000.28,3609.56,1196,1.78,5.75,False
1002324,firm_1,62,196.82,29.59,82,386,913,7081696.53,98143.0,103724.14,5581.14,527,1.78,5.85,False
1002324,firm_1,63,177.14,31.07,83,0,924,7306632.2,228314.48,232053.4,3738.92,1310,1.83,5.95,False
1002324,firm_1,64,194.85,29.52,84,580,935,7366043.22,62490.7,69171.75,6681.05,355,1.83,6.0,False
1002324,firm_1,65,175.36,31.0,85,281,945,7575484.46,212876.24,218147.84,5271.6,1244,1.88,6.0,False
1002324,firm_1,66,192.9,32.55,86,739,956,7660297.28,88412.12,96064.2,7652.08,498,1.93,6.0,False
1002324,firm_1,67,173.61,34.18,87,551,967,7850239.51,193715.89,200519.55,6803.66,1155,1.98,6.0,False
1002324,firm_1,68,156.25,35.89,88,0,978,8081046.1,234764.91,238906.25,4141.34,1529,2.03,6.0,False
1002324,firm_1,69,171.88,34.1,89,861,989,8090921.17,13509.97,22000.64,8490.67,128,2.03,6.0,False
1002324,firm_1,70,154.69,35.8,88,0,977,8367604.83,280134.06,284320.22,4186.16,1838,2.08,6.0,False
1002324,firm_1,71,170.16,32.22,89,362,988,8464616.37,100479.12,106520.16,6041.04,626,2.08,6.0,False
1002324,firm_1,72,153.14,33.83,90,166,1008,8640209.59,179237.92,184380.56,5142.64,1204,2.08,6.0,False
1002324,firm_1,73,168.45,32.14,91,408,1009,8759529.28,122844.43,129201.15,6356.72,767,2.08,6.0,False
1002324,firm_1,74,151.6,33.75,92,10,1020,8966381.48,210557.2,214968.8,4411.6,1418,2.08,6.0,False
1002324,firm_1,75,166.76,32.06,93,853,1031,8985479.3,22679.4,31350.88,8671.48,188,2.08,6.0,False
1002324,firm_1,76,150.08,33.66,92,3,1029,9259618.13,277535.55,282000.32,4464.77,1879,2.13,6.0,False
1002324,firm_1,77,165.09,30.29,93,789,1030,9288184.22,31883.06,40281.96,8398.9,244,2.13,5.9,False
1002324,firm_1,78,148.58,31.8,94,185,1051,9524776.74,240381.72,245899.9,5518.18,1655,2.18,6.0,False
1002324,firm_1,79,156.01,30.21,95,966,1051,9554006.31,32699.52,42122.7,9423.18,270,2.18,6.0,False
1002324,firm_1,80,140.41,31.72,94,0,1051,9829285.87,278561.24,283206.97,4645.73,2017,2.23,6.0,False
1002324,firm_1,81,154.45,30.13,95,752,1061,9865100.54,39277.02,47725.05,8448.03,309,2.23,6.0,False
1002324,firm_1,82,139.0,31.64,96,0,1072,10110010.94,248747.84,253536.0,4788.16,1824,2.28,6.0,False
1002324,firm_1,83,152.9,31.64,97,552,1083,10179936.52,73594.66,81189.9,7595.24,531,2.28,6.0,False
1002324,firm_1,84,137.61,33.22,98,0,1093,10397316.72,221435.76,226368.45,4932.69,1645,2.33,6.0,False
1002324,firm_1,85,151.37,31.56,99,456,1104,10484419.72,90827.44,98087.76,7260.32,648,2.33,6.0,False
1002324,firm_1,86,136.23,33.14,100,0,1115,10689239.35,208933.63,214017.33,5083.7,1571,2.38,6.0,False
1002324,firm_1,87,149.85,31.48,101,354,1125,10794096.72,108636.85,115534.35,6897.5,771,2.38,6.0,False
1002324,firm_1,88,134.86,33.05,102,0,1136,10985891.34,195765.72,200941.4,5175.68,1490,2.38,6.0,False
1002324,firm_1,89,148.35,31.4,103,740,1147,11033511.73,51454.59,60378.45,8923.86,407,2.38,6.0,False
1002324,firm_1,90,133.51,32.97,102,0,1135,11274951.99,245103.2,250331.25,5228.05,1875,2.43,6.0,False
1002324,firm_1,91,146.86,31.32,103,607,1145,11341829.36,70703.33,79010.68,8307.35,538,2.43,6.0,False
1002324,firm_1,92,132.17,32.89,104,0,1156,11565245.63,227636.83,233015.71,5378.88,1763,2.48,6.0,False
1002324,firm_1,93,145.39,31.25,105,1139,1167,11554312.14,-7052.24,4070.92,11123.16,28,2.48,6.0,False
1002324,firm_1,94,130.85,32.81,104,869,1155,11727284.0,176684.1,186461.25,9777.15,1425,2.53,6.0,False
1002324,firm_1,95,117.76,29.53,103,0,1144,11955553.77,231611.36,237050.88,5439.52,2013,2.58,6.0,False
1002324,firm_1,96,129.54,28.05,104,849,1155,11981940.91,29904.34,39639.24,9734.9,306,2.58,6.0,False
1002324,firm_1,97,116.59,29.45,103,131,1143,12189434.46,210826.9,216973.99,6147.09,1861,2.63,6.0,False
1002324,firm_1,98,128.25,27.98,104,594,1154,12266032.27,80107.73,88620.75,8513.02,691,2.63,6.0,False
1002324,firm_1,99,115.42,29.38,105,334,1164,12419187.93,157040.56,164358.08,7317.52,1424,2.68,6.0,False
1002324,firm_1,100,103.88,30.85,106,0,1175,12566373.75,151055.92,156754.92,5699.0,1509,2.68,6.0,False
1002324,firm_2,1,58.38,41.95,24,0,280,128901.86,15499.6,16346.4,846.8,280,0.31,0.35,False
1002324,firm_2,2,64.22,39.85,25,0,288,144821.29,17615.68,18495.36,879.68,288,0.36,0.25,False
1002324,firm_2,3,70.64,39.85,26,0,298,163217.73,20132.54,21050.72,918.18,298,0.41,0.15,False
1002324,firm_2,4,77.7,37.86,27,0,309,184544.67,23049.16,24009.3,960.14,309,0.46,0.1,False
1002324,firm_2,5,85.47,35.97,28,0,320,209184.71,26347.2,27350.4,1003.2,320,0.51,0.1,False
1002324,firm_2,6,94.02,34.17,29,0,332,237658.5,30164.72,31214.64,1049.92,332,0.56,0.1,False
1002324,firm_2,7,103.42,32.46,30,0,343,270362.53,34377.83,35473.06,1095.23,343,0.61,0.1,False
1002324,firm_2,8,113.76,30.84,31,0,355,307946.99,39240.5,40384.8,1144.3,355,0.66,0.1,False
1002324,firm_2,9,125.14,29.3,32,0,366,350918.77,44609.38,45801.24,1191.86,366,0.71,0.1,False
1002324,firm_2,10,137.65,27.84,33,0,375,399683.8,50383.75,51618.75,1235.0,375,0.76,0.1,False
1002324,firm_2,11,151.42,26.45,34,0,386,455247.96,57163.46,58448.12,1284.66,386,0.81,0.1,False
1002324,firm_2,12,166.56,25.13,35,0,397,518457.31,64788.9,66124.32,1335.42,397,0.86,0.1,False
1002324,firm_2,13,183.22,23.87,36,0,408,590264.47,73366.48,74753.76,1387.28,408,0.91,0.1,False
1002324,firm_2,14,201.54,22.68,37,0,419,671730.33,83005.02,84445.26,1440.24,419,0.96,0.1,False
1002324,firm_2,15,221.69,21.55,38,0,430,764043.83,93832.4,95326.7,1494.3,430,1.01,0.1,False
1002324,firm_2,16,243.86,20.47,39,0,441,868538.3,105992.8,107542.26,1549.46,441,1.06,0.1,False
1002324,firm_2,17,268.25,19.45,40,0,452,986703.58,119643.28,121249.0,1605.72,452,1.11,0.1,False
1002324,firm_2,18,295.08,18.48,41,0,462,1119912.94,134667.04,136326.96,1659.92,462,1.16,0.1,False
1002324,firm_2,19,324.59,17.56,42,0,473,1270288.16,151812.74,153531.07,1718.33,473,1.21,0.1,False
1002324,firm_2,20,357.05,16.68,43,404,484,1293637.08,24766.16,28564.0,3797.84,80,1.26,0.1,False
1002324,firm_2,21,321.35,17.51,44,682,495,1356651.14,64484.5,69732.95,5248.45,217,1.31,0.1,False
1002324,firm_2,22,289.22,18.39,45,1003,509,1402571.71,47448.12,54373.36,6925.24,188,1.36,0.1,False
1002324,firm_2,23,260.3,19.31,46,883,520,1561187.25,160203.8,166592.0,6388.2,640,1.41,0.1,False
1002324,firm_2,24,234.27,20.28,47,564,532,1754037.14,194503.05,199363.77,4860.72,851,1.46,0.1,False
1002324,firm_2,25,210.84,21.29,48,189,543,1942815.41,190500.19,193551.12,3050.93,918,1.51,0.1,False
1002324,firm_2,26,231.92,20.23,49,585,552,1972213.54,31089.4,36179.52,5090.12,156,1.56,0.1,False
1002324,firm_2,27,208.73,18.21,50,846,563,2027177.07,56574.03,63036.46,6462.43,302,1.61,0.1,False
1002324,firm_2,28,187.86,19.12,51,693,573,2156126.13,130624.18,136386.36,5762.18,726,1.66,0.1,False
1002324,firm_2,29,169.07,20.08,52,0,587,2368413.8,214031.83,216409.6,2377.77,1280,1.71,0.1,False
1002324,firm_2,30,185.98,19.08,53,0,594,2474741.24,108038.68,110472.12,2433.44,594,1.76,0.1,False
1002324,firm_2,31,204.58,18.13,54,13,605,2591603.53,118541.31,121111.36,2570.05,592,1.81,0.1,False
1002324,firm_2,32,225.04,17.22,55,245,616,2672569.03,82612.6,86415.36,3802.76,384,1.86,0.1,False
1002324,firm_2,33,202.54,18.08,56,0,627,2844819.86,173963.31,176614.88,2651.57,872,1.91,0.1,False
1002324,firm_2,34,222.79,17.18,57,193,638,2938590.67,95450.07,99141.55,3691.48,445,1.96,0.1,False
1002324,firm_2,35,200.51,16.32,58,0,645,3102185.04,165240.93,168027.38,2786.45,838,2.01,0.1,False
1002324,firm_2,36,220.56,15.5,59,566,656,3114727.58,14157.04,19850.4,5693.36,90,2.06,0.1,False
1002324,firm_2,37,198.5,13.95,60,579,666,3236978.82,123788.24,129620.5,5832.26,653,2.11,0.1,False
1002324,firm_2,38,178.65,14.65,61,0,682,3457625.7,222240.53,225277.65,3037.12,1261,2.16,0.1,False
1002324,firm_2,39,196.52,13.92,62,576,692,3472865.66,16803.0,22796.32,5993.32,116,2.21,0.1,False
1002324,firm_2,40,176.87,12.53,63,415,703,3618922.17,147545.9,152815.68,5269.78,864,2.26,0.1,False
1002324,firm_2,41,159.18,13.16,64,0,714,3793816.81,176436.88,179714.22,3277.34,1129,2.31,0.1,False
1002324,firm_2,42,175.1,12.5,65,320,725,3858258.81,65954.5,70915.5,4961.0,405,2.36,0.1,False
1002324,firm_2,43,157.59,11.25,66,0,736,4019785.59,162969.28,166415.04,3445.76,1056,2.41,0.1,False
1002324,firm_2,44,173.35,10.69,67,381,746,4076209.95,57840.59,63272.75,5432.16,365,2.46,0.1,False
1002324,firm_2,45,156.01,10.0,68,0,757,4248755.26,173925.31,177539.38,3614.07,1138,2.51,0.1,False
1002324,firm_2,46,171.61,10.0,69,66,768,4363803.4,116438.14,120470.22,4032.08,702,2.56,0.1,False
1002324,firm_2,47,188.77,10.0,70,796,779,4363881.94,1478.54,9249.73,7771.19,49,2.61,0.1,False
1002324,firm_2,48,169.89,10.0,71,826,790,4483576.94,121105.0,129116.4,8011.4,760,2.66,0.1,False
1002324,firm_2,49,152.9,10.5,72,0,800,4726768.34,244647.4,248615.4,3968.0,1626,2.71,0.1,False
1002324,firm_2,50,168.19,10.0,73,638,811,4747184.85,21846.51,29096.87,7250.36,173,2.76,0.1,False
1002324,firm_2,51,151.37,10.0,74,106,816,4945136.65,199391.8,204046.76,4654.96,1348,2.81,0.1,False
1002324,firm_2,52,166.51,10.0,75,839,832,4951732.62,8045.97,16484.49,8438.52,99,2.86,0.1,False
1002324,firm_2,53,149.86,10.0,76,1146,842,5020383.5,70110.88,80175.1,10064.22,535,2.91,0.1,False
1002324,firm_2,54,134.87,10.5,77,471,853,5218170.48,199295.48,206081.36,6785.88,1528,2.96,0.1,False
1002324,firm_2,55,121.38,11.02,78,0,863,5374008.21,157397.29,161920.92,4523.63,1334,3.01,0.1,False
1002324,firm_2,56,133.52,10.47,79,0,873,5484426.66,111945.58,116562.96,4617.38,873,3.06,0.1,False
1002324,firm_2,57,146.87,10.0,80,413,884,5545320.19,62393.53,69175.77,6782.24,471,3.11,0.1,False
1002324,firm_2,58,132.18,10.5,81,0,894,5711715.91,167946.22,172759.26,4813.04,1307,3.16,0.1,False
1002324,firm_2,59,145.4,10.0,82,599,905,5746778.26,36582.35,44492.4,7910.05,306,3.21,0.1,False
1002324,firm_2,60,130.86,10.0,83,0,915,5938357.4,193109.14,198122.04,5012.9,1514,3.26,0.1,False
1002324,firm_2,61,143.95,10.0,84,704,926,5960137.24,23319.84,31956.9,8637.06,222,3.31,0.1,False
1002324,firm_2,62,129.56,10.0,85,0,936,6165848.68,207261.44,212478.4,5216.96,1640,3.36,0.1,False
1002324,firm_2,63,142.52,10.0,86,881,946,6163829.62,-459.06,9263.8,9722.86,65,3.41,0.1,False
1002324,firm_2,64,128.27,10.0,87,357,956,6344894.46,182634.84,189839.6,7204.76,1480,3.46,0.1,False
1002324,firm_2,65,115.44,10.5,88,0,966,6490474.92,147204.46,152727.12,5522.66,1323,3.51,0.1,False
1002324,firm_2,66,126.98,10.0,89,117,977,6591870.6,102985.68,109202.8,6217.12,860,3.56,0.1,False
1002324,firm_2,67,139.68,10.0,90,1105,988,6579002.92,-11267.68,0.0,11267.68,0,3.61,0.1,False
1002324,firm_2,68,125.71,10.0,91,1857,991,6592343.55,14950.63,30044.69,15094.06,239,3.66,0.1,False
1002324,firm_2,69,113.14,10.5,92,0,1009,6908975.4,318297.85,324259.24,5961.39,2866,3.71,0.1,False
1002324,firm_2,70,124.45,10.0,93,428,1019,6972685.91,65340.51,73549.95,8209.44,591,3.76,0.1,False
1002324,firm_2,71,112.01,10.0,94,0,1030,7128172.19,157126.28,163310.58,6184.3,1458,3.81,0.1,False
1002324,firm_2,72,123.21,10.0,95,763,1040,7150541.96,24019.77,34129.17,10109.4,277,3.86,0.1,False
1002324,firm_2,73,110.89,10.0,96,0,1051,7343625.01,194743.05,201154.46,6411.41,1814,3.91,0.1,False
1002324,firm_2,74,121.98,10.0,97,878,1061,7353363.79,11408.78,22322.34,10913.56,183,3.96,0.1,False
1002324,firm_2,75,109.78,10.0,97,0,1060,7558376.83,206183.04,212753.64,6570.6,1938,4.01,0.1,False
1002324,firm_2,76,120.76,10.0,98,788,1071,7580241.65,23544.82,34175.08,10630.26,283,4.06,0.1,False
1002324,firm_2,77,108.68,10.0,99,0,1073,7774049.1,195497.45,202253.48,6756.03,1861,4.11,0.1,False
1002324,firm_2,78,119.55,10.0,100,275,1083,7860699.22,88350.12,96596.4,8246.28,808,4.16,0.1,False
1002324,firm_2,79,107.6,10.0,101,0,1093,7999198.49,140209.27,147196.8,6987.53,1368,4.21,0.1,False
1002324,firm_2,80,118.36,10.0,102,985,1104,7999527.29,2048.8,14084.84,12036.04,119,4.26,0.1,False
1002324,firm_2,81,106.52,10.0,102,0,1112,8214463.01,216155.72,223372.44,7216.72,2097,4.31,0.1,False
1002324,firm_2,82,117.17,10.0,103,212,1122,8310961.79,98228.78,106624.7,8395.92,910,4.36,0.1,False
1002324,firm_2,83,105.45,10.0,104,0,1132,8443490.47,134268.68,141724.8,7456.12,1344,4.41,0.1,False
1002324,firm_2,84,116.0,10.0,105,380,1142,8520655.15,78914.68,88392.0,9477.32,762,4.46,0.1,False
1002324,firm_2,85,104.4,10.0,106,0,1152,8671136.43,152241.28,159940.8,7699.52,1532,4.51,0.1,False
1002324,firm_2,86,114.84,10.0,107,271,1162,8762511.15,93144.72,102322.44,9177.72,891,4.56,0.1,False
1002324,firm_2,87,103.36,10.0,108,0,1173,8902029.46,141298.31,149251.84,7953.53,1444,4.61,0.1,False
1002324,firm_2,88,113.7,10.0,109,390,1183,8980374.78,80135.32,90164.1,10028.78,793,4.66,0.1,False
1002324,firm_2,89,102.33,10.0,110,0,1193,9132358.14,153783.36,161988.39,8205.03,1583,4.71,0.1,False
1002324,firm_2,90,112.56,10.0,111,0,1203,9257625.54,127077.4,135409.68,8332.28,1203,4.76,0.1,False
1002324,firm_2,91,123.82,10.0,112,767,1213,9298733.73,42928.19,55223.72,12295.53,446,4.81,0.1,False
1002324,firm_2,92,111.44,10.0,113,699,1223,9428687.99,131784.26,143869.04,12084.78,1291,4.86,0.1,False
1002324,firm_2,93,100.3,10.5,114,0,1233,9611850.56,185059.57,193779.6,8720.03,1932,4.91,0.1,False
1002324,firm_2,94,110.33,10.0,115,418,1233,9689047.83,79047.27,89918.95,10871.68,815,4.96,0.1,False
1002324,firm_2,95,99.3,10.0,116,85,1243,9834346.2,147158.37,156496.8,9338.43,1576,5.01,0.1,False
1002324,firm_2,96,94.34,10.0,117,0,1252,9949569.66,117093.46,126132.58,9039.12,1337,5.06,0.1,False
1002324,firm_2,97,103.77,10.0,118,447,1262,10021117.49,73227.83,84572.55,11344.72,815,5.06,0.1,False
1002324,firm_2,98,93.39,10.5,117,0,1262,10170119.68,150430.69,159603.51,9172.82,1709,5.11,0.1,False
1002324,firm_2,99,102.73,10.0,118,434,1260,10241703.06,73463.38,84854.98,11391.6,826,5.16,0.1,False
1002324,firm_2,100,92.46,11.0,119,0,1282,10388912.2,149218.14,158661.36,9443.22,1716,5.21,0.1,False
1002324,firm_3,1,57.87,41.32,26,0,302,98805.57,16591.2,17476.74,885.54,302,0.27,0.55,False
1002324,firm_3,2,54.98,41.32,27,0,313,113172.51,16282.58,17208.74,926.16,313,0.32,0.65,False
1002324,firm_3,3,60.48,41.32,28,0,325,130117.55,18702.0,19656.0,954.0,325,0.32,0.75,False
1002324,firm_3,4,54.43,43.39,29,0,336,145451.4,17292.16,18288.48,996.32,336,0.37,0.75,False
1002324,firm_3,5,59.87,41.22,30,0,345,163252.3,19637.5,20655.15,1017.65,345,0.37,0.85,False
1002324,firm_3,6,65.86,41.22,31,0,358,183903.9,22529.42,23577.88,1048.46,358,0.37,0.95,False
1002324,firm_3,7,72.45,41.22,31,0,359,207484.8,24958.72,26009.55,1050.83,359,0.37,1.05,False
1002324,firm_3,8,79.7,41.22,32,0,370,233977.86,28412.1,29489.0,1076.9,370,0.37,1.15,False
1002324,firm_3,9,71.73,37.1,33,0,382,258449.08,26295.52,27400.86,1105.34,382,0.37,1.25,False
1002324,firm_3,10,64.56,33.39,34,0,393,280734.84,24221.02,25372.08,1151.06,393,0.42,1.35,False
1002324,firm_3,11,58.1,33.39,35,0,405,301316.59,22350.4,23530.5,1180.1,405,0.42,1.45,False
1002324,firm_3,12,52.29,30.05,36,0,414,320180.97,20446.18,21648.06,1201.88,414,0.42,1.35,False
1002324,firm_3,13,47.06,30.05,37,0,425,337341.12,18772.0,20000.5,1228.5,425,0.42,1.25,False
1002324,firm_3,14,51.77,30.05,38,0,435,356966.47,21267.25,22519.95,1252.7,435,0.42,1.15,False
1002324,firm_3,15,51.77,27.04,39,0,446,377222.01,21810.1,23089.42,1279.32,446,0.42,1.05,False
1002324,firm_3,16,56.95,25.69,40,0,456,400260.09,24665.68,25969.2,1303.52,456,0.42,1.15,False
1002324,firm_3,17,51.26,24.41,41,0,467,421267.56,22608.28,23938.42,1330.14,467,0.42,1.25,False
1002324,firm_3,18,46.13,23.19,42,0,478,440386.96,20693.38,22050.14,1356.76,478,0.42,1.35,False
1002324,firm_3,19,41.52,23.19,43,0,490,457848.79,18959.0,20344.8,1385.8,490,0.42,1.25,False
1002324,firm_3,20,45.67,23.19,43,0,490,477744.12,20992.5,22378.3,1385.8,490,0.42,1.35,False
1002324,firm_3,21,50.24,23.19,43,0,490,499978.75,23231.8,24617.6,1385.8,490,0.42,1.25,False
1002324,firm_3,22,55.26,22.03,43,0,490,524723.06,25691.6,27077.4,1385.8,490,0.42,1.15,False
1002324,firm_3,23,60.79,22.03,44,0,501,551972.06,29018.32,30455.79,1437.47,501,0.47,1.25,False
1002324,firm_3,24,66.87,22.03,45,0,513,583217.91,32837.2,34304.31,1467.11,513,0.47,1.35,False
1002324,firm_3,25,60.18,22.03,46,0,524,611644.57,30040.04,31534.32,1494.28,524,0.47,1.45,False
1002324,firm_3,26,66.2,20.93,47,0,534,643992.68,33831.82,35350.8,1518.98,534,0.47,1.35,False
1002324,firm_3,27,59.58,19.88,48,0,546,673293.2,30954.76,32530.68,1575.92,546,0.52,1.25,False
1002324,firm_3,28,53.62,21.87,49,0,557,699884.27,28262.7,29866.34,1603.64,557,0.52,1.35,False
1002324,firm_3,29,48.26,24.06,50,0,569,724007.33,25826.06,27459.94,1633.88,569,0.52,1.25,False
1002324,firm_3,30,43.43,24.06,51,0,580,745708.07,23527.8,25189.4,1661.6,580,0.52,1.35,False
1002324,firm_3,31,47.77,22.86,51,0,580,770487.21,26045.0,27706.6,1661.6,580,0.52,1.45,False
1002324,firm_3,32,52.55,25.15,52,0,591,797947.14,29367.73,31057.05,1689.32,591,0.52,1.55,False
1002324,firm_3,33,47.3,25.15,52,0,594,822938.66,26399.32,28096.2,1696.88,594,0.52,1.65,False
1002324,firm_3,34,52.03,26.41,53,0,605,850692.48,29753.55,31478.15,1724.6,605,0.52,1.75,False
1002324,firm_3,35,49.43,29.05,54,0,617,877267.25,28743.47,30498.31,1754.84,617,0.52,1.85,False
1002324,firm_3,36,44.49,31.96,55,0,628,901166.61,26157.16,27939.72,1782.56,628,0.52,1.75,False
1002324,firm_3,37,48.94,35.16,56,0,639,928160.03,29462.38,31272.66,1810.28,639,0.52,1.65,False
1002324,firm_3,38,53.83,33.4,56,0,639,958776.72,32587.09,34397.37,1810.28,639,0.52,1.75,False
1002324,firm_3,39,59.21,33.4,57,0,651,993078.11,36705.19,38545.71,1840.52,651,0.52,1.65,False
1002324,firm_3,40,59.21,36.74,58,0,662,1027675.97,37328.78,39197.02,1868.24,662,0.52,1.75,False
1002324,firm_3,41,53.29,36.74,59,0,673,1058876.52,33968.21,35864.17,1895.96,673,0.52,1.85,False
1002324,firm_3,42,55.95,40.41,60,0,684,1092198.04,36346.12,38269.8,1923.68,684,0.52,1.95,False
1002324,firm_3,43,50.36,40.41,60,0,684,1122196.0,32522.56,34446.24,1923.68,684,0.52,2.05,False
1002324,firm_3,44,55.4,44.45,59,0,673,1154861.69,35388.24,37284.2,1895.96,673,0.52,2.15,False
1002324,firm_3,45,49.86,42.23,59,0,667,1183412.55,31342.43,33256.62,1914.19,667,0.57,2.25,False
1002324,firm_3,46,44.87,40.12,60,0,678,1208884.75,28479.4,30421.86,1942.46,678,0.57,2.35,False
1002324,firm_3,47,49.36,44.13,61,0,690,1237777.92,32085.1,34058.4,1973.3,690,0.57,2.25,False
1002324,firm_3,48,49.36,48.54,62,0,701,1266868.23,32599.79,34601.36,2001.57,701,0.57,2.25,False
1002324,firm_3,49,54.3,43.69,63,0,712,1300147.52,36631.76,38661.6,2029.84,712,0.57,2.35,False
1002324,firm_3,50,59.73,48.06,63,0,712,1337617.66,40497.92,42527.76,2029.84,712,0.57,2.25,False
1002324,firm_3,51,53.76,48.06,64,0,723,1370516.04,36774.22,38868.48,2094.26,723,0.62,2.35,False
1002324,firm_3,52,59.14,45.66,65,0,734,1408333.82,41285.68,43408.76,2123.08,734,0.62,2.25,False
1002324,firm_3,53,65.05,43.38,66,0,745,1451181.09,46310.35,48462.25,2151.9,745,0.62,2.35,False
1002324,firm_3,54,58.54,43.38,67,0,755,1489694.23,42019.6,44197.7,2178.1,755,0.62,2.45,False
1002324,firm_3,55,64.39,43.38,68,0,766,1533260.21,47115.82,49322.74,2206.92,766,0.62,2.55,False
1002324,firm_3,56,70.83,43.38,68,0,766,1582259.23,52048.86,54255.78,2206.92,766,0.62,2.65,False
1002324,firm_3,57,63.75,43.38,69,0,777,1625964.02,47298.01,49533.75,2235.74,777,0.62,2.75,False
1002324,firm_3,58,60.56,43.38,70,0,788,1667784.14,45456.72,47721.28,2264.56,788,0.62,2.85,False
1002324,firm_3,59,54.5,47.72,71,0,799,1705048.14,41252.12,43545.5,2293.38,799,0.62,2.95,False
1002324,firm_3,60,49.05,45.33,72,0,810,1738692.68,37408.3,39730.5,2322.2,810,0.62,2.85,False
1002324,firm_3,61,44.14,49.86,73,0,821,1768340.82,33887.92,36238.94,2351.02,821,0.62,2.95,False
1002324,firm_3,62,48.55,47.37,74,0,832,1802349.2,38013.76,40393.6,2379.84,832,0.62,2.85,False
1002324,firm_3,63,43.7,45.0,75,0,843,1832804.64,34430.44,36839.1,2408.66,843,0.62,2.95,False
1002324,firm_3,64,39.33,45.0,76,0,854,1859934.98,31150.34,33587.82,2437.48,854,0.62,3.05,False
1002324,firm_3,65,35.4,45.0,77,0,864,1883991.9,28121.92,30585.6,2463.68,864,0.62,3.15,False
1002324,firm_3,66,38.94,42.75,77,0,864,1911780.63,31180.48,33644.16,2463.68,864,0.62,3.25,False
1002324,firm_3,67,35.05,47.03,77,0,864,1935878.84,27819.52,30283.2,2463.68,864,0.62,3.35,False
1002324,firm_3,68,38.56,44.68,78,0,884,1963464.76,31570.96,34087.04,2516.08,884,0.62,3.25,False
1002324,firm_3,69,34.7,42.45,79,0,896,1987810.09,28498.88,31091.2,2592.32,896,0.67,3.35,False
1002324,firm_3,70,38.17,42.45,80,0,907,2015812.59,31998.5,34620.19,2621.69,907,0.67,3.45,False
1002324,firm_3,71,41.99,40.33,81,0,918,2047841.62,35895.76,38546.82,2651.06,918,0.67,3.55,False
1002324,firm_3,72,46.19,40.33,82,0,929,2084164.64,40230.08,42910.51,2680.43,929,0.67,3.65,False
1002324,firm_3,73,41.57,40.33,83,0,940,2116683.25,36366.0,39075.8,2709.8,940,0.67,3.55,False
1002324,firm_3,74,45.73,38.31,84,0,941,2153184.67,40319.46,43031.93,2712.47,941,0.67,3.65,False
1002324,firm_3,75,45.73,38.31,84,0,951,2190616.69,40750.06,43489.23,2739.17,951,0.67,3.75,False
1002324,firm_3,76,41.16,38.31,85,0,962,2223587.72,36827.38,39595.92,2768.54,962,0.67,3.85,False
1002324,firm_3,77,37.04,38.31,85,0,962,2252947.21,32815.84,35632.48,2816.64,962,0.72,3.75,False
1002324,firm_3,78,40.74,38.31,86,0,973,2285597.36,36744.81,39640.02,2895.21,973,0.77,3.85,False
1002324,firm_3,79,44.81,36.39,87,0,984,2323098.79,41167.36,44093.04,2925.68,984,0.77,3.75,False
1002324,firm_3,80,40.33,36.39,87,0,984,2356691.9,36759.04,39684.72,2925.68,984,0.77,3.65,False
1002324,firm_3,81,36.3,40.03,88,0,995,2385831.61,33162.35,36118.5,2956.15,995,0.77,3.55,False
1002324,firm_3,82,39.93,40.03,89,0,1006,2418951.9,37182.96,40169.58,2986.62,1006,0.77,3.45,False
1002324,firm_3,83,37.93,40.03,90,0,1016,2450020.96,35471.76,38536.88,3065.12,1016,0.82,3.55,False
1002324,firm_3,84,41.72,38.03,91,0,1027,2485710.53,39750.3,42846.44,3096.14,1027,0.82,3.65,False
1002324,firm_3,85,45.89,38.03,92,0,1038,2526118.43,44506.66,47633.82,3127.16,1038,0.82,3.75,False
1002324,firm_3,86,41.3,41.83,93,0,1049,2561793.76,40165.52,43323.7,3158.18,1049,0.82,3.85,False
1002324,firm_3,87,37.17,41.83,93,0,1049,2593636.72,35833.15,38991.33,3158.18,1049,0.82,3.95,False
1002324,firm_3,88,40.89,41.83,94,0,1059,2629320.83,40116.13,43302.51,3186.38,1059,0.82,3.95,False
1002324,firm_3,89,44.98,46.01,95,0,1071,2669403.24,44953.36,48173.58,3220.22,1071,0.82,3.85,False
1002324,firm_3,90,40.48,43.71,96,0,1081,2705117.54,40510.46,43758.88,3248.42,1081,0.82,3.95,False
1002324,firm_3,91,44.53,41.52,96,0,1081,2745666.08,44834.46,48136.93,3302.47,1081,0.87,4.05,False
1002324,firm_3,92,40.08,41.52,97,0,1092,2781571.96,40433.32,43767.36,3334.04,1092,0.87,4.05,False
1002324,firm_3,93,44.09,39.44,98,0,1103,2822372.5,45265.66,48631.27,3365.61,1103,0.87,4.15,False
1002324,firm_3,94,48.5,37.47,99,0,1114,2868794.79,50631.82,54029.0,3397.18,1114,0.87,4.15,False
1002324,firm_3,95,53.35,41.22,99,0,1113,2920598.25,55984.24,59378.55,3394.31,1113,0.87,4.25,False
1002324,firm_3,96,53.35,45.34,100,0,1124,2972003.77,56539.52,59965.4,3425.88,1124,0.87,4.35,False
1002324,firm_3,97,58.69,45.34,101,0,1135,3029980.13,63155.7,66613.15,3457.45,1135,0.87,4.45,False
1002324,firm_3,98,52.82,49.87,102,0,1145,3081286.14,56992.75,60478.9,3486.15,1145,0.87,4.55,False
1002324,firm_3,99,58.1,49.87,103,0,1156,3139195.41,63645.88,67163.6,3517.72,1156,0.87,4.65,False
1002324,firm_3,100,63.91,49.87,104,0,1167,3204442.61,71033.68,74582.97,3549.29,1167,0.87,4.75,False
1002324,firm_4,1,33.58,36.54,17,0,195,102329.06,5889.85,6548.1,658.25,195,0.35,0.55,False
1002324,firm_4,2,31.9,36.54,17,0,194,106930.88,5523.0,6188.6,665.6,194,0.4,0.65,False
1002324,firm_4,3,35.09,40.19,18,0,207,112274.29,6566.83,7263.63,696.8,207,0.4,0.65,False
1002324,firm_4,4,35.09,38.18,17,0,195,117799.78,6174.55,6842.55,668.0,195,0.4,0.55,False
1002324,firm_4,5,38.6,42.0,18,0,208,123873.38,7329.6,8028.8,699.2,208,0.4,0.45,False
1002324,firm_4,6,38.6,37.8,18,0,206,130139.88,7246.9,7951.6,704.7,206,0.45,0.55,False
1002324,firm_4,7,42.46,34.02,19,0,218,137515.68,8522.18,9256.28,734.1,218,0.45,0.45,False
1002324,firm_4,8,38.21,30.62,19,0,216,144247.26,7513.36,8253.36,740.0,216,0.5,0.45,False
1002324,firm_4,9,40.12,29.09,20,0,227,151193.85,8328.39,9107.24,778.85,227,0.55,0.55,False
1002324,firm_4,10,44.13,30.54,19,0,217,159436.45,8822.86,9576.21,753.35,217,0.55,0.55,False
1002324,firm_4,11,41.92,32.07,19,0,218,167209.78,8382.66,9138.56,755.9,218,0.55,0.45,False
1002324,firm_4,12,46.11,33.67,18,0,208,175464.2,8860.48,9590.88,730.4,208,0.55,0.45,False
1002324,firm_4,13,41.5,30.3,18,0,208,182610.0,7891.2,8632.0,740.8,208,0.6,0.35,False
1002324,firm_4,14,45.65,31.82,19,0,218,190479.42,9174.0,9951.7,777.7,218,0.65,0.25,False
1002324,firm_4,15,43.37,31.82,19,0,218,198551.8,8676.96,9454.66,777.7,218,0.65,0.25,False
1002324,firm_4,16,47.71,31.82,20,0,229,207322.69,10107.29,10925.59,818.3,229,0.7,0.15,False
1002324,firm_4,17,52.48,31.82,21,0,241,217851.45,11796.98,12647.68,850.7,241,0.7,0.25,False
1002324,firm_4,18,47.23,28.64,22,0,252,227642.93,11021.56,11901.96,880.4,252,0.7,0.35,False
1002324,firm_4,19,51.95,25.78,21,0,240,238409.55,11608.0,12468.0,860.0,240,0.75,0.45,False
1002324,firm_4,20,49.35,23.2,22,0,251,248795.75,11496.6,12386.85,890.25,251,0.75,0.55,False
1002324,firm_4,21,44.42,20.88,23,0,261,258491.38,10675.87,11593.62,917.75,261,0.75,0.45,False
1002324,firm_4,22,39.98,18.79,24,0,272,267366.98,9926.56,10874.56,948.0,272,0.75,0.55,False
1002324,firm_4,23,43.98,19.73,24,0,272,277808.02,11014.56,11962.56,948.0,272,0.75,0.65,False
1002324,firm_4,24,48.38,18.74,24,0,270,289478.36,12120.1,13062.6,942.5,270,0.75,0.65,False
1002324,firm_4,25,45.96,20.61,25,0,282,300348.33,11985.22,12960.72,975.5,282,0.75,0.75,False
1002324,firm_4,26,43.66,21.64,26,0,296,311195.05,11909.36,12923.36,1014.0,296,0.75,0.65,False
1002324,firm_4,27,41.48,19.48,27,0,306,321720.47,11651.38,12692.88,1041.5,306,0.75,0.75,False
1002324,firm_4,28,41.48,17.53,27,0,301,332704.89,11457.73,12485.48,1027.75,301,0.75,0.65,False
1002324,firm_4,29,39.41,18.41,28,0,312,342927.33,11237.92,12295.92,1058.0,312,0.75,0.55,False
1002324,firm_4,30,37.44,16.57,29,0,323,352851.67,11004.87,12093.12,1088.25,323,0.75,0.65,False
1002324,firm_4,31,37.44,15.74,30,0,334,363165.93,11386.46,12504.96,1118.5,334,0.75,0.75,False
1002324,firm_4,32,37.44,14.17,31,0,343,373825.33,11698.67,12841.92,1143.25,343,0.75,0.85,False
1002324,firm_4,33,35.57,14.88,32,0,354,384167.45,11418.28,12591.78,1173.5,354,0.75,0.95,False
1002324,firm_4,34,33.79,13.39,32,0,354,394427.13,10788.16,11961.66,1173.5,354,0.75,1.05,False
1002324,firm_4,35,33.79,12.05,33,0,364,404528.04,11098.56,12299.56,1201.0,364,0.75,1.15,False
1002324,firm_4,36,33.79,12.05,34,0,375,414958.34,11440.0,12671.25,1231.25,375,0.75,1.25,False
1002324,firm_4,37,33.79,10.84,35,0,386,425860.38,11781.44,13042.94,1261.5,386,0.75,1.15,False
1002324,firm_4,38,37.17,10.0,36,0,396,438330.7,13430.32,14719.32,1289.0,396,0.75,1.25,False
1002324,firm_4,39,35.31,10.0,37,0,407,450512.62,13051.92,14371.17,1319.25,407,0.75,1.15,False
1002324,firm_4,40,35.31,10.0,38,0,418,462942.7,13410.08,14759.58,1349.5,418,0.75,1.25,False
1002324,firm_4,41,35.31,10.0,38,0,417,475840.22,13377.52,14724.27,1346.75,417,0.75,1.35,False
1002324,firm_4,42,35.31,10.0,39,0,428,488585.9,13735.68,15112.68,1377.0,428,0.75,1.45,False
1002324,firm_4,43,38.84,10.0,40,0,438,503193.32,15607.42,17011.92,1404.5,438,0.75,1.55,False
1002324,firm_4,44,38.84,10.0,41,0,449,517965.28,15981.96,17439.16,1457.2,449,0.8,1.65,False
1002324,firm_4,45,38.84,10.0,42,0,460,533323.68,16378.4,17866.4,1488.0,460,0.8,1.75,False
1002324,firm_4,46,42.72,10.0,43,0,470,550856.08,18562.4,20078.4,1516.0,470,0.8,1.85,False
1002324,firm_4,47,42.72,10.0,44,0,480,568777.68,18961.6,20505.6,1544.0,480,0.8,1.95,False
1002324,firm_4,48,42.72,10.0,43,0,469,586770.16,18522.48,20035.68,1513.2,469,0.8,2.05,False
1002324,firm_4,49,42.72,10.0,44,0,480,604691.76,18961.6,20505.6,1544.0,480,0.8,2.15,False
1002324,firm_4,50,42.72,10.0,45,0,491,623042.48,19400.72,20975.52,1574.8,491,0.8,2.25,False
1002324,firm_4,51,42.72,11.0,45,0,500,642207.48,19760.0,21360.0,1600.0,500,0.8,2.35,False
1002324,firm_4,52,42.72,10.0,46,0,501,661047.4,19799.92,21402.72,1602.8,501,0.8,2.25,False
1002324,firm_4,53,44.86,10.0,47,0,511,681370.06,21292.66,22923.46,1630.8,511,0.8,2.15,False
1002324,firm_4,54,44.86,10.0,48,0,521,702003.32,21713.26,23372.06,1658.8,521,0.8,2.25,False
1002324,firm_4,55,44.86,10.0,49,0,532,723189.24,22175.92,23865.52,1689.6,532,0.8,2.15,False
1002324,firm_4,56,42.62,10.0,50,0,542,743571.68,21382.44,23100.04,1717.6,542,0.8,2.05,False
1002324,firm_4,57,42.62,10.0,50,0,541,764314.3,21342.62,23057.42,1714.8,541,0.8,2.15,False
1002324,firm_4,58,42.62,10.0,51,0,552,784984.94,21780.64,23526.24,1745.6,552,0.8,2.25,False
1002324,firm_4,59,42.62,10.0,52,0,562,806143.78,22178.84,23952.44,1773.6,562,0.8,2.25,False
1002324,firm_4,60,42.62,10.0,53,0,573,827630.64,22616.86,24421.26,1804.4,573,0.8,2.35,False
1002324,firm_4,61,42.62,10.0,53,0,572,849577.68,22577.04,24378.64,1801.6,572,0.8,2.45,False
1002324,firm_4,62,42.62,10.0,54,0,582,871512.92,22975.24,24804.84,1829.6,582,0.8,2.45,False
1002324,firm_4,63,44.75,10.0,55,0,592,895097.32,24634.4,26492.0,1857.6,592,0.8,2.35,False
1002324,firm_4,64,42.51,10.0,55,0,592,917755.64,23308.32,25165.92,1857.6,592,0.8,2.45,False
1002324,firm_4,65,40.38,10.0,55,0,591,939115.42,22009.78,23864.58,1854.8,591,0.8,2.55,False
1002324,firm_4,66,42.4,10.0,56,0,602,961594.62,23639.2,25524.8,1885.6,602,0.8,2.65,False
1002324,firm_4,67,42.4,10.0,57,0,612,984229.22,24004.6,25948.8,1944.2,612,0.85,2.75,False
1002324,firm_4,68,40.28,10.5,56,0,616,1006398.1,22856.88,24812.48,1955.6,616,0.85,2.85,False
1002324,firm_4,69,40.28,10.0,57,0,611,1027997.83,22669.73,24611.08,1941.35,611,0.85,2.75,False
1002324,firm_4,70,42.29,10.0,58,0,621,1051210.07,24292.24,26262.09,1969.85,621,0.85,2.75,False
1002324,firm_4,71,42.29,10.0,59,0,632,1074846.15,24726.08,26727.28,2001.2,632,0.85,2.65,False
1002324,firm_4,72,42.29,10.0,60,0,642,1098866.63,25120.48,27150.18,2029.7,642,0.85,2.55,False
1002324,firm_4,73,40.18,10.0,61,0,652,1121563.19,24106.56,26197.36,2090.8,652,0.9,2.65,False
1002324,firm_4,74,38.17,10.0,62,0,663,1143394.05,23150.86,25306.71,2155.85,663,0.95,2.55,False
1002324,firm_4,75,38.17,10.0,61,0,652,1165447.49,22763.44,24886.84,2123.4,652,0.95,2.65,False
1002324,firm_4,76,38.17,10.0,61,0,652,1187500.93,22763.44,24886.84,2123.4,652,0.95,2.75,False
1002324,firm_4,77,40.08,11.0,62,0,679,1211230.2,25011.27,27214.32,2203.05,679,0.95,2.85,False
1002324,firm_4,78,42.08,12.1,63,0,689,1236728.47,26760.57,28993.12,2232.55,689,0.95,2.75,False
1002324,firm_4,79,44.18,11.5,62,0,678,1263669.41,27753.94,29954.04,2200.1,678,0.95,2.85,False
1002324,firm_4,80,41.97,10.35,61,0,667,1288764.4,25826.34,27993.99,2167.65,667,0.95,2.95,False
1002324,firm_4,81,39.87,10.0,61,0,650,1311952.4,23798.0,25915.5,2117.5,650,0.95,2.85,False
1002324,firm_4,82,37.88,10.0,62,0,660,1333686.2,22853.8,25000.8,2147.0,660,0.95,2.75,False
1002324,firm_4,83,41.67,10.0,63,0,670,1358298.6,25742.4,27918.9,2176.5,670,0.95,2.65,False
1002324,firm_4,84,43.75,10.0,64,0,680,1384602.6,27544.0,29750.0,2206.0,680,0.95,2.75,False
1002324,firm_4,85,41.56,10.0,63,0,668,1409230.68,25558.08,27762.08,2204.0,668,1.0,2.85,False
1002324,firm_4,86,39.48,10.0,64,0,678,1432524.12,24533.44,26767.44,2234.0,678,1.0,2.95,False
1002324,firm_4,87,41.45,10.0,65,0,688,1457393.32,26219.2,28517.6,2298.4,688,1.05,2.95,False
1002324,firm_4,88,39.38,10.0,66,0,698,1481291.66,25158.34,27487.24,2328.9,698,1.05,3.05,False
1002324,firm_4,89,41.35,10.0,66,0,698,1507065.06,26533.4,28862.3,2328.9,698,1.05,3.15,False
1002324,firm_4,90,39.28,10.0,67,0,708,1531010.5,25415.44,27810.24,2394.8,708,1.1,3.25,False
1002324,firm_4,91,37.32,10.0,68,0,718,1554200.46,24369.96,26795.76,2425.8,718,1.1,3.15,False
1002324,firm_4,92,35.45,10.0,69,0,727,1576328.91,23318.45,25772.15,2453.7,727,1.1,3.05,False
1002324,firm_4,93,37.22,10.0,70,0,737,1599975.35,24946.44,27431.14,2484.7,737,1.1,3.15,False
1002324,firm_4,94,39.08,11.0,71,0,770,1625860.45,27466.1,30091.6,2625.5,770,1.15,3.25,False
1002324,firm_4,95,42.99,10.45,72,0,780,1655383.25,30875.2,33532.2,2657.0,780,1.15,3.35,False
1002324,firm_4,96,42.99,11.5,72,0,780,1685430.45,30875.2,33532.2,2657.0,780,1.15,3.25,False
1002324,firm_4,97,40.84,11.5,73,0,790,1713566.05,29575.1,32263.6,2688.5,790,1.15,3.35,False
1002324,firm_4,98,38.8,10.35,74,0,789,1740128.0,27927.85,30613.2,2685.35,789,1.15,3.45,False
1002324,firm_4,99,40.74,10.35,73,0,789,1768830.96,29458.51,32143.86,2685.35,789,1.15,3.35,False
1002324,firm_4,100,38.7,10.0,74,0,774,1794567.96,27277.0,29953.8,2676.8,774,1.2,3.45,False
1002324,firm_5,1,48.53,39.31,21,0,243,113529.04,11038.75,11792.79,754.04,243,0.28,0.48,False
1002324,firm_5,2,48.53,43.24,22,0,256,123717.76,11640.0,12423.68,783.68,256,0.28,0.48,False
1002324,firm_5,3,50.96,41.08,23,0,266,134808.5,12735.58,13555.36,819.78,266,0.33,0.38,False
1002324,firm_5,4,45.86,39.03,24,0,276,144972.26,11800.48,12657.36,856.88,276,0.38,0.38,False
1002324,firm_5,5,43.57,42.93,25,0,290,154929.61,11730.6,12635.3,904.7,290,0.43,0.38,False
1002324,firm_5,6,43.57,40.78,26,0,299,165370.19,12100.86,13027.43,926.57,299,0.43,0.48,False
1002324,firm_5,7,39.21,38.74,27,0,311,175062.79,11238.58,12194.31,955.73,311,0.43,0.48,False
1002324,firm_5,8,41.17,36.8,28,0,322,185806.67,12274.28,13256.74,982.46,322,0.43,0.48,False
1002324,firm_5,9,39.11,34.96,29,0,333,196090.62,11997.79,13023.63,1025.84,333,0.48,0.48,False
1002324,firm_5,10,41.07,33.21,30,0,345,207390.62,13096.3,14169.15,1072.85,345,0.53,0.58,False
1002324,firm_5,11,39.02,31.55,31,0,355,218448.77,12736.2,13852.1,1115.9,355,0.58,0.58,False
1002324,firm_5,12,40.97,29.97,32,0,366,230622.17,13832.44,14995.02,1162.58,366,0.63,0.58,False
1002324,firm_5,13,38.92,28.47,33,0,376,242408.9,13426.24,14633.92,1207.68,376,0.68,0.58,False
1002324,firm_5,14,35.03,27.05,34,0,387,253089.3,12300.1,13556.61,1256.51,387,0.73,0.58,False
1002324,firm_5,15,36.78,25.7,35,0,398,264821.8,13332.0,14638.44,1306.44,398,0.78,0.58,False
1002324,firm_5,16,38.62,24.42,36,0,409,277680.79,14438.11,15795.58,1357.47,409,0.83,0.58,False
1002324,firm_5,17,40.55,23.2,37,0,420,291743.79,15621.4,17031.0,1409.6,420,0.88,0.58,False
1002324,firm_5,18,38.52,20.88,38,0,431,305389.64,15139.29,16602.12,1462.83,431,0.93,0.58,False
1002324,firm_5,19,34.67,19.84,39,0,442,317722.86,13806.98,15324.14,1517.16,442,0.98,0.58,False
1002324,firm_5,20,31.2,18.85,40,0,453,328829.87,12561.01,14133.6,1572.59,453,1.03,0.58,False
1002324,firm_5,21,28.08,19.79,41,0,464,338718.48,11400.0,13029.12,1629.12,464,1.08,0.58,False
1002324,firm_5,22,29.48,17.81,42,0,472,349507.66,12237.2,13914.56,1677.36,472,1.13,0.58,False
1002324,firm_5,23,29.48,16.92,43,0,483,360583.0,12502.9,14238.84,1735.94,483,1.18,0.58,False
1002324,firm_5,24,26.53,16.07,44,0,491,370416.22,11240.3,13026.23,1785.93,491,1.23,0.58,False
1002324,firm_5,25,23.88,15.27,45,0,505,379232.07,10203.0,12059.4,1856.4,505,1.28,0.58,False
1002324,firm_5,26,21.49,16.03,44,0,493,387079.63,8752.88,10594.57,1841.69,493,1.33,0.58,False
1002324,firm_5,27,19.34,17.63,45,0,504,393430.12,7843.84,9747.36,1903.52,504,1.38,0.58,False
1002324,firm_5,28,17.41,19.39,46,0,520,398907.78,7069.6,9053.2,1983.6,520,1.43,0.58,False
1002324,firm_5,29,15.67,18.42,47,0,527,403466.17,6224.13,8258.09,2033.96,527,1.48,0.68,False
1002324,firm_5,30,14.1,20.26,48,0,542,407322.63,5528.94,7642.2,2113.26,542,1.53,0.58,False
1002324,firm_5,31,12.69,22.29,49,0,553,410368.25,4837.83,7017.57,2179.74,553,1.58,0.58,False
1002324,firm_5,32,11.42,21.18,50,0,564,412802.81,4193.56,6440.88,2247.32,564,1.63,0.48,False
1002324,firm_5,33,10.28,23.3,50,0,568,414886.61,3548.8,5839.04,2290.24,568,1.68,0.58,False
1002324,firm_5,34,10.0,25.63,51,0,579,416309.81,3430.33,5790.0,2359.67,579,1.73,0.48,False
1002324,firm_5,35,10.0,24.35,52,0,590,417813.41,3469.8,5900.0,2430.2,590,1.78,0.38,False
1002324,firm_5,36,10.0,26.79,53,0,602,419437.98,3544.44,6020.0,2475.56,602,1.78,0.28,False
1002324,firm_5,37,10.0,25.45,54,0,613,420945.89,3582.21,6130.0,2547.79,613,1.83,0.18,False
1002324,firm_5,38,10.0,28.0,53,0,601,422970.06,3508.17,6010.0,2501.83,601,1.83,0.18,False
1002324,firm_5,39,10.0,30.8,54,0,612,424152.3,3545.44,6120.0,2574.56,612,1.88,0.18,False
1002324,firm_5,40,10.0,33.88,53,0,601,425604.73,3448.07,6010.0,2561.93,601,1.93,0.1,False
1002324,firm_5,41,10.0,30.49,52,0,589,427165.03,3345.78,5890.0,2544.22,589,1.98,0.1,False
1002324,firm_5,42,10.0,33.54,51,0,577,428499.18,3244.69,5770.0,2525.31,577,2.03,0.1,False
1002324,firm_5,43,10.0,36.89,52,0,588,429161.86,3280.96,5880.0,2599.04,588,2.08,0.1,False
1002324,firm_5,44,10.0,40.58,52,0,588,430103.26,3251.56,5880.0,2628.44,588,2.13,0.1,False
1002324,firm_5,45,10.0,44.64,53,0,604,430352.62,3315.28,6040.0,2724.72,604,2.18,0.1,False
1002324,firm_5,46,10.0,49.1,54,0,615,430349.77,3348.55,6150.0,2801.45,615,2.23,0.1,False
1002324,firm_5,47,10.0,54.01,55,0,626,430059.94,3380.72,6260.0,2879.28,626,2.28,0.1,False
1002324,firm_5,48,10.0,59.41,54,0,615,429938.85,3287.05,6150.0,2862.95,615,2.33,0.1,False
1002324,firm_5,49,10.0,65.35,55,0,626,429194.02,3349.42,6260.0,2910.58,626,2.33,0.1,False
1002324,firm_5,50,10.0,71.89,54,0,615,428368.26,3256.3,6150.0,2893.7,615,2.38,0.1,False
1002324,firm_5,51,10.0,68.3,54,0,614,427700.04,3219.98,6140.0,2920.02,614,2.43,0.1,False
1002324,firm_5,52,10.5,75.13,55,0,631,426466.51,3598.62,6625.5,3026.88,631,2.48,0.1,False
1002324,firm_5,53,11.55,75.13,55,0,631,426595.53,4261.17,7288.05,3026.88,631,2.48,0.1,False
1002324,firm_5,54,10.4,75.13,56,0,642,425156.79,3568.54,6676.8,3108.26,642,2.53,0.2,False
1002324,firm_5,55,10.0,82.64,56,0,641,423503.17,3274.22,6410.0,3135.78,641,2.58,0.3,False
1002324,firm_5,56,10.0,90.9,56,0,641,421586.99,3274.22,6410.0,3135.78,641,2.58,0.4,False
1002324,firm_5,57,10.5,86.36,57,0,652,419591.71,3627.24,6846.0,3218.76,652,2.63,0.3,False
1002324,firm_5,58,10.0,95.0,56,0,641,417281.83,3210.12,6410.0,3199.88,641,2.68,0.3,False
1002324,firm_5,59,10.5,90.25,55,0,629,415678.86,3460.78,6604.5,3143.72,629,2.68,0.4,False
1002324,firm_5,60,10.0,81.23,55,0,629,414357.49,3146.28,6290.0,3143.72,629,2.68,0.4,False
1002324,firm_5,61,10.0,89.35,55,0,629,412258.07,3114.83,6290.0,3175.17,629,2.73,0.5,False
1002324,firm_5,62,10.0,98.28,55,0,629,409736.05,3083.38,6290.0,3206.62,629,2.78,0.4,False
1002324,firm_5,63,10.0,108.11,55,0,629,406641.93,3051.93,6290.0,3238.07,629,2.83,0.3,False
1002324,firm_5,64,10.0,108.11,55,0,629,403516.36,3020.48,6290.0,3269.52,629,2.88,0.2,False
1002324,firm_5,65,10.0,102.7,55,0,628,400783.22,3015.36,6280.0,3264.64,628,2.88,0.3,False
1002324,firm_5,66,10.0,112.97,55,0,628,397353.83,2983.96,6280.0,3296.04,628,2.93,0.2,False
1002324,firm_5,67,10.0,107.32,54,0,617,394486.74,2928.19,6170.0,3241.81,617,2.93,0.1,False
1002324,firm_5,68,10.5,112.69,54,0,617,391407.32,3205.84,6478.5,3272.66,617,2.98,0.1,False
1002324,firm_5,69,11.55,118.32,54,0,617,388540.88,3822.84,7126.35,3303.51,617,3.03,0.2,False
1002324,firm_5,70,10.4,130.15,55,0,628,383723.59,3140.96,6531.2,3390.24,628,3.08,0.3,False
1002324,firm_5,71,10.0,136.66,56,0,640,378519.43,2948.8,6400.0,3451.2,640,3.08,0.2,False
1002324,firm_5,72,10.0,136.66,56,0,640,373583.27,2916.8,6400.0,3483.2,640,3.13,0.2,False
1002324,firm_5,73,10.0,136.66,56,0,639,368742.24,2911.93,6390.0,3478.07,639,3.13,0.3,False
1002324,firm_5,74,10.0,136.66,56,0,639,363769.26,2879.98,6390.0,3510.02,639,3.18,0.3,False
1002324,firm_5,75,10.0,136.66,56,0,639,358764.33,2848.03,6390.0,3541.97,639,3.23,0.2,False
1002324,firm_5,76,10.0,136.66,55,0,628,353812.19,2764.16,6280.0,3515.84,628,3.28,0.1,False
1002324,firm_5,77,10.0,150.33,54,0,616,348171.09,2676.72,6160.0,3483.28,616,3.33,0.1,False
1002324,firm_5,78,10.5,165.36,55,0,628,341623.05,3046.76,6594.0,3547.24,628,3.33,0.1,False
1002324,firm_5,79,11.02,157.09,56,0,639,335529.97,3403.96,7041.78,3637.82,639,3.38,0.1,False
1002324,firm_5,80,10.0,149.24,56,0,639,329692.76,2720.23,6390.0,3669.77,639,3.43,0.1,False
1002324,firm_5,81,10.0,149.24,57,0,650,323224.08,2738.0,6500.0,3762.0,650,3.48,0.1,False
1002324,firm_5,82,10.0,164.16,57,0,656,316399.28,2732.32,6560.0,3827.68,656,3.53,0.1,False
1002324,firm_5,83,10.0,164.16,58,0,661,308799.62,2721.62,6610.0,3888.38,661,3.58,0.2,False
1002324,firm_5,84,10.0,164.16,59,0,673,301055.19,2741.01,6730.0,3988.99,673,3.63,0.3,False
1002324,firm_5,85,11.0,155.95,60,0,684,294437.07,3438.88,7524.0,4085.12,684,3.68,0.2,False
1002324,firm_5,86,11.55,163.75,61,0,702,287633.96,3885.64,8108.1,4222.46,702,3.73,0.2,False
1002324,firm_5,87,12.13,180.13,62,0,713,279993.45,4327.55,8648.69,4321.14,713,3.78,0.3,False
1002324,firm_5,88,13.34,189.14,63,0,724,272514.87,5237.24,9658.16,4420.92,724,3.83,0.4,False
1002324,firm_5,89,14.01,208.05,63,0,724,264893.84,5686.12,10143.24,4457.12,724,3.88,0.4,False
1002324,firm_5,90,13.31,197.65,64,0,736,256675.92,5231.68,9796.16,4564.48,736,3.93,0.5,False
1002324,firm_5,91,13.98,207.53,65,0,747,248262.47,5776.0,10443.06,4667.06,747,3.98,0.5,False
1002324,firm_5,92,14.68,217.91,65,0,747,240297.22,6298.9,10965.96,4667.06,747,3.98,0.6,False
1002324,firm_5,93,15.41,207.01,66,0,758,232844.6,6910.04,11680.78,4770.74,758,4.03,0.6,False
1002324,firm_5,94,16.18,217.36,66,0,758,225754.64,7455.8,12264.44,4808.64,758,4.08,0.5,False
1002324,firm_5,95,16.99,228.23,67,0,769,218053.02,8189.79,13065.31,4875.52,769,4.08,0.6,False
1002324,firm_5,96,17.84,216.82,68,0,781,211454.77,8945.51,13933.04,4987.53,781,4.13,0.7,False
1002324,firm_5,97,18.73,227.66,69,0,792,204785.83,9739.6,14834.16,5094.56,792,4.18,0.7,False
1002324,firm_5,98,19.67,204.89,70,0,795,200228.33,10484.8,15637.65,5152.85,795,4.23,0.7,False
1002324,firm_5,99,20.65,215.13,70,0,795,196093.38,11224.15,16416.75,5192.6,795,4.28,0.8,False
1002324,firm_5,100,19.62,225.89,71,0,806,189866.93,10511.74,15813.72,5301.98,806,4.33,0.8,False
1002324,firm_6,1,55.17,30.29,19,0,216,104319.66,11224.24,11916.72,692.48,216,0.28,0.13,False
1002324,firm_6,2,49.65,30.29,19,0,216,113565.27,10021.12,10724.4,703.28,216,0.33,0.1,False
1002324,firm_6,3,44.68,30.29,19,0,216,121726.56,8936.8,9650.88,714.08,216,0.38,0.1,False
1002324,firm_6,4,40.21,30.29,19,0,216,128911.53,7960.48,8685.36,724.88,216,0.43,0.1,False
1002324,firm_6,5,36.19,30.29,19,0,216,135217.38,7081.36,7817.04,735.68,216,0.48,0.1,False
1002324,firm_6,6,32.57,30.29,19,0,216,140730.51,6288.64,7035.12,746.48,216,0.53,0.1,False
1002324,firm_6,7,29.31,30.29,19,0,216,145528.68,5573.68,6330.96,757.28,216,0.58,0.1,False
1002324,firm_6,8,26.38,30.29,19,0,216,149683.17,4930.0,5698.08,768.08,216,0.63,0.1,False
1002324,firm_6,9,23.74,30.29,19,0,217,153277.68,4370.02,5151.58,781.56,217,0.68,0.1,False
1002324,firm_6,10,21.37,30.29,19,0,216,156328.41,3826.24,4615.92,789.68,216,0.73,0.1,False
1002324,firm_6,11,19.23,30.29,19,0,217,158922.55,3369.65,4172.91,803.26,217,0.78,0.1,False
1002324,firm_6,12,17.31,30.29,19,0,219,161118.16,2971.12,3790.89,819.77,219,0.83,0.1,False
1002324,firm_6,13,15.58,30.29,19,0,219,162923.95,2581.3,3412.02,830.72,219,0.88,0.1,False
1002324,firm_6,14,16.36,31.8,19,0,218,164847.49,2727.74,3566.48,838.74,218,0.93,0.1,False
1002324,firm_6,15,17.18,33.39,19,0,218,166908.68,2895.6,3745.24,849.64,218,0.98,0.1,False
1002324,firm_6,16,18.04,35.06,19,0,218,169114.72,3072.18,3932.72,860.54,218,1.03,0.1,False
1002324,firm_6,17,18.94,36.81,19,0,218,171472.81,3257.48,4128.92,871.44,218,1.08,0.1,False
1002324,firm_6,18,19.89,38.65,19,0,218,173992.14,3453.68,4336.02,882.34,218,1.13,0.1,False
1002324,firm_6,19,20.88,40.58,19,0,219,176697.42,3676.3,4572.72,896.42,219,1.18,0.1,False
1002324,firm_6,20,21.92,42.61,19,0,219,179580.94,3893.11,4800.48,907.37,219,1.23,0.1,False
1002324,firm_6,21,23.02,44.74,19,0,219,182653.94,4123.06,5041.38,918.32,219,1.28,0.1,False
1002324,firm_6,22,24.17,46.98,19,0,219,185925.28,4363.96,5293.23,929.27,219,1.33,0.1,False
1002324,firm_6,23,25.38,49.33,19,0,218,189384.01,4596.0,5532.84,936.84,218,1.38,0.1,False
1002324,firm_6,24,26.65,51.8,19,0,219,193084.99,4885.18,5836.35,951.17,219,1.43,0.1,False
1002324,firm_6,25,27.98,56.98,18,0,209,196779.85,4920.5,5847.82,927.32,209,1.48,0.1,False
1002324,firm_6,26,25.18,62.68,17,0,197,199579.34,4065.05,4960.46,895.41,197,1.53,0.1,False
1002324,firm_6,27,22.66,68.95,16,0,186,201625.02,3348.88,4214.76,865.88,186,1.58,0.1,False
1002324,firm_6,28,20.39,75.85,15,0,174,203003.51,2716.24,3547.86,831.62,174,1.63,0.1,False
1002324,firm_6,29,18.35,83.44,14,0,162,203811.89,2176.54,2972.7,796.16,162,1.68,0.1,False
1002324,firm_6,30,16.52,91.78,13,0,151,204150.04,1731.29,2494.52,763.23,151,1.73,0.1,False
1002324,firm_6,31,14.87,100.96,12,0,139,204080.03,1341.51,2066.93,725.42,139,1.78,0.1,False
1002324,firm_6,32,13.38,111.06,11,0,127,203671.22,1012.85,1699.26,686.41,127,1.83,0.1,False
1002324,firm_6,33,12.04,122.17,10,0,116,202996.08,746.56,1396.64,650.08,116,1.88,0.1,False
1002324,firm_6,34,10.84,134.39,9,0,104,202105.21,518.64,1127.36,608.72,104,1.93,0.1,False
1002324,firm_6,35,10.0,147.83,8,0,93,201082.43,359.86,930.0,570.14,93,1.98,0.1,False
1002324,firm_6,36,10.0,162.61,7,0,81,200027.73,283.57,810.0,526.43,81,2.03,0.1,False
1002324,firm_6,37,10.0,178.87,6,0,69,198962.99,208.48,690.0,481.52,69,2.08,0.1,False
1002324,firm_6,38,10.0,196.76,5,0,58,197919.65,140.46,580.0,439.54,58,2.13,0.1,False
1002324,firm_6,39,10.0,216.44,4,0,46,196921.61,67.72,460.0,392.28,46,2.18,0.1,False
1002324,firm_6,40,10.0,238.08,3,0,34,196003.55,-3.82,340.0,343.82,34,2.23,0.1,False
1002324,firm_6,41,10.0,261.89,2,0,23,195211.33,-68.44,230.0,298.44,23,2.28,0.1,False
1002324,firm_6,42,10.0,288.08,1,0,11,194585.62,-137.63,110.0,247.63,11,2.33,0.1,False
1002324,firm_6,43,10.0,316.89,1,0,11,193930.55,-138.18,110.0,248.18,11,2.38,0.1,False
1002324,firm_6,44,10.0,348.58,1,0,11,193243.24,-138.73,110.0,248.73,11,2.43,0.1,False
1002324,firm_6,45,10.0,383.44,1,0,11,192520.52,-139.28,110.0,249.28,11,2.48,0.1,False
1002324,firm_6,46,10.0,421.78,1,0,11,191758.91,-139.83,110.0,249.83,11,2.53,0.1,False
1002324,firm_6,47,10.0,463.96,1,0,11,190954.57,-140.38,110.0,250.38,11,2.58,0.1,False
1002324,firm_6,48,10.0,500.0,1,0,11,190113.64,-140.93,110.0,250.93,11,2.63,0.1,False
1002324,firm_6,49,10.0,500.0,1,0,11,189272.16,-141.48,110.0,251.48,11,2.68,0.1,False
1002324,firm_6,50,10.0,500.0,1,0,11,188430.13,-142.03,110.0,252.03,11,2.73,0.1,False
1002324,firm_6,51,10.0,500.0,1,0,11,187587.55,-142.58,110.0,252.58,11,2.78,0.1,False
1002324,firm_6,52,10.0,500.0,1,0,11,186744.42,-143.13,110.0,253.13,11,2.83,0.1,False
1002324,firm_6,53,10.0,500.0,1,0,11,185900.74,-143.68,110.0,253.68,11,2.88,0.1,False
1002324,firm_6,54,10.0,500.0,1,0,11,185056.51,-144.23,110.0,254.23,11,2.93,0.1,False
1002324,firm_6,55,10.0,500.0,1,0,11,184211.73,-144.78,110.0,254.78,11,2.98,0.1,False
1002324,firm_6,56,10.0,500.0,1,0,11,183366.4,-145.33,110.0,255.33,11,3.03,0.1,False
1002324,firm_6,57,10.0,500.0,1,0,11,182520.52,-145.88,110.0,255.88,11,3.08,0.1,False
1002324,firm_6,58,10.0,500.0,1,0,11,181674.09,-146.43,110.0,256.43,11,3.13,0.1,False
1002324,firm_6,59,10.0,500.0,1,0,11,180827.11,-146.98,110.0,256.98,11,3.18,0.1,False
1002324,firm_6,60,10.0,500.0,1,0,11,179979.58,-147.53,110.0,257.53,11,3.23,0.1,False
1002324,firm_6,61,10.0,500.0,1,0,11,179131.5,-148.08,110.0,258.08,11,3.28,0.1,False
1002324,firm_6,62,10.0,500.0,1,0,11,178282.87,-148.63,110.0,258.63,11,3.33,0.1,False
1002324,firm_6,63,10.0,500.0,1,0,11,177433.69,-149.18,110.0,259.18,11,3.38,0.1,False
1002324,firm_6,64,10.0,500.0,1,0,11,176583.96,-149.73,110.0,259.73,11,3.43,0.1,False
1002324,firm_6,65,10.0,500.0,1,0,11,175733.68,-150.28,110.0,260.28,11,3.48,0.1,False
1002324,firm_6,66,10.0,500.0,1,0,11,174882.85,-150.83,110.0,260.83,11,3.53,0.1,False
1002324,firm_6,67,10.0,500.0,1,0,11,174031.47,-151.38,110.0,261.38,11,3.58,0.1,False
1002324,firm_6,68,10.0,500.0,1,0,11,173179.54,-151.93,110.0,261.93,11,3.63,0.1,False
1002324,firm_6,69,10.0,500.0,1,0,11,172327.06,-152.48,110.0,262.48,11,3.68,0.1,False
1002324,firm_6,70,10.0,500.0,1,0,11,171474.03,-153.03,110.0,263.03,11,3.73,0.1,False
1002324,firm_6,71,10.0,500.0,1,0,11,170620.45,-153.58,110.0,263.58,11,3.78,0.1,False
1002324,firm_6,72,10.0,500.0,1,0,11,169766.32,-154.13,110.0,264.13,11,3.83,0.1,False
1002324,firm_6,73,10.0,500.0,1,0,11,168911.64,-154.68,110.0,264.68,11,3.88,0.1,False
1002324,firm_6,74,10.0,500.0,1,0,11,168056.41,-155.23,110.0,265.23,11,3.93,0.1,False
1002324,firm_6,75,10.0,500.0,1,0,11,167200.63,-155.78,110.0,265.78,11,3.98,0.1,False
1002324,firm_6,76,10.0,500.0,1,0,11,166344.3,-156.33,110.0,266.33,11,4.03,0.1,False
1002324,firm_6,77,10.0,500.0,1,0,11,165487.42,-156.88,110.0,266.88,11,4.08,0.1,False
1002324,firm_6,78,10.0,500.0,1,0,11,164629.99,-157.43,110.0,267.43,11,4.13,0.1,False
1002324,firm_6,79,10.0,500.0,1,0,11,163772.01,-157.98,110.0,267.98,11,4.18,0.1,False
1002324,firm_6,80,10.0,500.0,1,0,11,162913.48,-158.53,110.0,268.53,11,4.23,0.1,False
1002324,firm_6,81,10.0,500.0,1,0,11,162054.4,-159.08,110.0,269.08,11,4.28,0.1,False
1002324,firm_6,82,10.0,500.0,1,0,11,161194.77,-159.63,110.0,269.63,11,4.33,0.1,False
1002324,firm_6,83,10.0,500.0,1,0,11,160334.59,-160.18,110.0,270.18,11,4.38,0.1,False
1002324,firm_6,84,10.0,500.0,1,0,11,159473.86,-160.73,110.0,270.73,11,4.43,0.1,False
1002324,firm_6,85,10.0,500.0,1,0,11,158612.58,-161.28,110.0,271.28,11,4.48,0.1,False
1002324,firm_6,86,10.0,500.0,1,0,11,157750.75,-161.83,110.0,271.83,11,4.53,0.1,False
1002324,firm_6,87,10.0,500.0,1,0,11,156888.37,-162.38,110.0,272.38,11,4.58,0.1,False
1002324,firm_6,88,10.0,500.0,1,0,11,156025.44,-162.93,110.0,272.93,11,4.63,0.1,False
1002324,firm_6,89,10.0,500.0,1,0,11,155161.96,-163.48,110.0,273.48,11,4.68,0.1,False
1002324,firm_6,90,10.0,500.0,1,0,11,154297.93,-164.03,110.0,274.03,11,4.73,0.1,False
1002324,firm_6,91,10.0,500.0,1,0,11,153433.35,-164.58,110.0,274.58,11,4.78,0.1,False
1002324,firm_6,92,10.0,500.0,1,0,11,152568.22,-165.13,110.0,275.13,11,4.83,0.1,False
1002324,firm_6,93,10.0,500.0,1,0,11,151702.54,-165.68,110.0,275.68,11,4.88,0.1,False
1002324,firm_6,94,10.0,500.0,1,0,11,150836.31,-166.23,110.0,276.23,11,4.93,0.1,False
1002324,firm_6,95,10.0,500.0,1,0,11,149969.53,-166.78,110.0,276.78,11,4.98,0.1,False
1002324,firm_6,96,10.0,500.0,1,0,11,149102.2,-167.33,110.0,277.33,11,5.03,0.1,False
1002324,firm_6,97,10.0,500.0,1,0,11,148234.32,-167.88,110.0,277.88,11,5.08,0.1,False
1002324,firm_6,98,10.0,500.0,1,0,11,147365.89,-168.43,110.0,278.43,11,5.13,0.1,False
1002324,firm_6,99,10.0,500.0,1,0,11,146496.91,-168.98,110.0,278.98,11,5.18,0.1,False
1002324,firm_6,100,10.0,500.0,1,0,11,145627.38,-169.53,110.0,279.53,11,5.23,0.1,False
1002324,firm_7,1,36.52,32.89,18,0,205,93167.09,6817.15,7486.6,669.45,205,0.29,0.11,False
1002324,firm_7,2,34.69,31.25,17,0,194,98621.44,6085.6,6729.86,644.26,194,0.29,0.21,False
1002324,firm_7,3,32.96,29.69,18,0,205,103464.12,6077.1,6756.8,679.7,205,0.34,0.21,False
1002324,firm_7,4,29.66,28.21,17,0,193,108057.31,5072.76,5724.38,651.62,193,0.34,0.11,False
1002324,firm_7,5,26.69,31.03,18,0,205,111580.27,4781.5,5471.45,689.95,205,0.39,0.1,False
1002324,firm_7,6,29.36,29.48,19,0,215,115907.95,5587.8,6312.4,724.6,215,0.44,0.1,False
1002324,firm_7,7,27.89,28.01,20,0,226,120188.15,5540.4,6303.14,762.74,226,0.49,0.1,False
1002324,firm_7,8,29.28,29.41,21,0,238,125246.56,6176.02,6968.64,792.62,238,0.49,0.1,False
1002324,firm_7,9,29.28,27.94,22,0,249,130602.59,6470.71,7290.72,820.01,249,0.49,0.1,False
1002324,firm_7,10,27.82,30.73,23,0,263,135544.44,6448.64,7316.66,868.02,263,0.54,0.2,False
1002324,firm_7,11,27.82,29.19,24,0,273,141045.32,6701.44,7594.86,893.42,273,0.54,0.2,False
1002324,firm_7,12,29.21,27.73,25,0,285,147253.02,7400.95,8324.85,923.9,285,0.54,0.2,False
1002324,firm_7,13,30.67,29.12,26,0,297,154150.51,8154.61,9108.99,954.38,297,0.54,0.1,False
1002324,firm_7,14,32.2,32.03,27,0,312,161524.02,9038.32,10046.4,1008.08,312,0.59,0.2,False
1002324,firm_7,15,33.81,35.23,28,0,324,169952.86,9915.28,10954.44,1039.16,324,0.59,0.2,False
1002324,firm_7,16,32.12,36.99,29,0,335,177855.95,9675.8,10760.2,1084.4,335,0.64,0.2,False
1002324,firm_7,17,35.33,38.84,30,0,346,186984.19,11093.44,12224.18,1130.74,346,0.69,0.3,False
1002324,firm_7,18,37.1,42.72,31,0,358,197278.65,12118.78,13281.8,1163.02,358,0.69,0.3,False
1002324,firm_7,19,37.1,40.58,32,0,368,207942.97,12462.88,13652.8,1189.92,368,0.69,0.3,False
1002324,firm_7,20,33.39,42.61,33,0,380,217502.84,11466.0,12688.2,1222.2,380,0.69,0.2,False
1002324,firm_7,21,33.39,44.74,34,0,391,227285.38,11803.7,13055.49,1251.79,391,0.69,0.1,False
1002324,firm_7,22,36.73,46.98,35,0,402,238525.16,13484.08,14765.46,1281.38,402,0.69,0.2,False
1002324,firm_7,23,38.57,51.68,36,0,415,250854.88,14690.2,16006.55,1316.35,415,0.69,0.1,False
1002324,firm_7,24,38.57,51.68,37,0,425,263491.72,15049.0,16392.25,1343.25,425,0.69,0.1,False
1002324,firm_7,25,34.71,54.26,38,0,439,274786.62,13856.78,15237.69,1380.91,439,0.69,0.1,False
1002324,firm_7,26,36.45,56.97,39,0,451,286990.55,15025.76,16438.95,1413.19,451,0.69,0.2,False
1002324,firm_7,27,36.45,54.12,40,0,462,299722.87,15397.12,16839.9,1442.78,462,0.69,0.2,False
1002324,firm_7,28,36.45,59.53,41,0,474,312584.38,15802.24,17277.3,1475.06,474,0.69,0.1,False
1002324,firm_7,29,34.63,62.51,42,0,485,324749.86,15290.9,16795.55,1504.65,485,0.69,0.1,False
1002324,firm_7,30,38.09,59.38,43,0,497,339090.32,17393.8,18930.73,1536.93,497,0.69,0.1,False
1002324,firm_7,31,41.9,62.35,44,0,508,355565.6,19718.68,21285.2,1566.52,508,0.69,0.1,False
1002324,firm_7,32,41.9,59.23,45,0,520,372589.45,20189.2,21788.0,1598.8,520,0.69,0.1,False
1002324,firm_7,33,46.09,62.19,46,0,531,392074.11,22845.4,24473.79,1628.39,531,0.69,0.1,False
1002324,firm_7,34,46.09,65.3,47,0,543,411871.21,23366.2,25026.87,1660.67,543,0.69,0.1,False
1002324,firm_7,35,48.39,68.56,48,0,555,433243.83,25163.5,26856.45,1692.95,555,0.69,0.1,False
1002324,firm_7,36,45.97,71.99,49,0,566,453412.8,24296.48,26019.02,1722.54,566,0.69,0.2,False
1002324,firm_7,37,48.27,68.39,50,0,578,475638.54,26145.24,27900.06,1754.82,578,0.69,0.1,False
1002324,firm_7,38,48.27,61.55,51,0,589,498646.11,26646.62,28431.03,1784.41,589,0.69,0.1,False
1002324,firm_7,39,48.27,58.47,52,0,601,522299.25,27193.58,29010.27,1816.69,601,0.69,0.1,False
1002324,firm_7,40,48.27,61.39,53,0,612,546140.54,27694.96,29541.24,1846.28,612,0.69,0.2,False
1002324,firm_7,41,50.68,64.46,54,0,624,571805.46,29745.76,31624.32,1878.56,624,0.69,0.3,False
1002324,firm_7,42,53.21,70.91,55,0,635,599185.61,31880.2,33788.35,1908.15,635,0.69,0.4,False
1002324,firm_7,43,47.89,74.46,56,0,647,623560.25,29044.4,30984.83,1940.43,647,0.69,0.4,False
1002324,firm_7,44,47.89,70.74,57,0,658,648236.77,29508.7,31511.62,2002.92,658,0.74,0.5,False
1002324,firm_7,45,50.28,67.2,58,0,666,675300.81,31461.64,33486.48,2024.84,666,0.74,0.5,False
1002324,firm_7,46,52.79,73.92,59,0,677,704023.38,33683.85,35738.83,2054.98,677,0.74,0.6,False
1002324,firm_7,47,58.07,81.31,60,0,693,736788.47,38143.69,40242.51,2098.82,693,0.74,0.5,False
1002324,firm_7,48,52.26,89.44,61,0,704,765494.71,34662.08,36791.04,2128.96,704,0.74,0.4,False
1002324,firm_7,49,47.03,84.97,62,0,711,790681.21,31254.64,33438.33,2183.69,711,0.79,0.5,False
1002324,firm_7,50,49.38,80.72,63,0,722,818533.83,33437.98,35652.36,2214.38,722,0.79,0.4,False
1002324,firm_7,51,51.85,76.68,64,0,734,848836.35,35810.04,38057.9,2247.86,734,0.79,0.5,False
1002324,firm_7,52,54.44,72.85,65,0,740,881522.1,38021.0,40285.6,2264.6,740,0.79,0.6,False
1002324,firm_7,53,59.88,72.85,66,0,751,918788.59,42674.59,44969.88,2295.29,751,0.79,0.7,False
1002324,firm_7,54,65.87,69.21,67,0,762,961418.48,47866.96,50192.94,2325.98,762,0.79,0.8,False
1002324,firm_7,55,69.16,62.29,68,0,773,1007786.77,51104.01,53460.68,2356.67,773,0.79,0.7,False
1002324,firm_7,56,72.62,62.29,69,0,784,1057535.48,54546.72,56934.08,2387.36,784,0.79,0.6,False
1002324,firm_7,57,76.25,62.29,70,0,796,1110949.34,58274.16,60695.0,2420.84,796,0.79,0.6,False
1002324,firm_7,58,80.06,62.29,71,0,807,1168083.64,62156.89,64608.42,2451.53,807,0.79,0.7,False
1002324,firm_7,59,72.05,59.18,70,0,796,1218872.0,54930.96,57351.8,2420.84,796,0.79,0.6,False
1002324,firm_7,60,79.26,53.26,71,0,807,1276101.83,61511.29,63962.82,2451.53,807,0.79,0.5,False
1002324,firm_7,61,71.33,58.59,72,0,818,1327249.07,55865.72,58347.94,2482.22,818,0.79,0.5,False
1002324,firm_7,62,64.2,52.73,73,0,829,1373608.67,50708.89,53221.8,2512.91,829,0.79,0.4,False
1002324,firm_7,63,70.62,52.73,74,0,840,1425883.85,56777.2,59320.8,2543.6,840,0.79,0.5,False
1002324,firm_7,64,74.15,47.46,75,0,851,1482351.71,60527.36,63101.65,2574.29,851,0.79,0.5,False
1002324,firm_7,65,70.44,45.09,76,0,862,1536539.17,58114.3,60719.28,2604.98,862,0.79,0.4,False
1002324,firm_7,66,66.92,49.6,77,0,873,1588005.46,55785.49,58421.16,2635.67,873,0.79,0.3,False
1002324,firm_7,67,60.23,47.12,78,0,885,1634364.5,50634.4,53303.55,2669.15,885,0.79,0.4,False
1002324,firm_7,68,66.25,42.41,77,0,864,1685485.17,54586.24,57240.0,2653.76,864,0.84,0.3,False
1002324,firm_7,69,66.25,38.17,78,0,875,1737291.66,55283.75,57968.75,2685.0,875,0.84,0.3,False
1002324,firm_7,70,66.25,40.08,79,871,886,1727547.85,-6077.49,993.75,7071.24,15,0.84,0.3,False
1002324,firm_7,71,59.62,36.07,79,301,885,1807227.02,82528.7,86747.1,4218.4,1455,0.84,0.3,False
1002324,firm_7,72,56.64,32.46,80,0,887,1868699.46,64569.24,67288.32,2719.08,1188,0.84,0.2,False
1002324,firm_7,73,56.64,35.71,79,0,885,1913191.37,47413.0,50126.4,2713.4,885,0.84,0.3,False
1002324,firm_7,74,50.98,39.28,80,0,906,1952963.81,43414.84,46187.88,2773.04,906,0.84,0.2,False
1002324,firm_7,75,45.88,37.32,81,0,907,1988278.17,38837.28,41613.16,2775.88,907,0.84,0.2,False
1002324,firm_7,76,48.17,33.59,82,0,908,2025983.43,40959.64,43738.36,2778.72,908,0.84,0.2,False
1002324,firm_7,77,45.76,31.91,83,0,929,2062161.13,39626.23,42511.04,2884.81,929,0.89,0.3,False
1002324,firm_7,78,41.18,28.72,84,0,929,2094620.06,35371.41,38256.22,2884.81,929,0.89,0.2,False
1002324,firm_7,79,41.18,31.59,83,0,928,2127331.21,35333.12,38215.04,2881.92,928,0.89,0.1,False
1002324,firm_7,80,43.24,30.01,84,0,928,2161555.17,37244.8,40126.72,2881.92,928,0.89,0.1,False
1002324,firm_7,81,41.08,27.01,85,0,939,2194419.73,35660.41,38574.12,2913.71,939,0.89,0.1,False
1002324,firm_7,82,36.97,24.31,86,0,949,2223870.99,32141.92,35084.53,2942.61,949,0.89,0.2,False
1002324,firm_7,83,40.67,24.31,85,0,938,2256942.28,35237.64,38148.46,2910.82,938,0.89,0.3,False
1002324,firm_7,84,44.74,23.09,86,0,948,2293830.34,39473.8,42413.52,2939.72,948,0.89,0.4,False
1002324,firm_7,85,46.98,21.94,87,0,958,2333459.78,42038.22,45006.84,2968.62,958,0.89,0.3,False
1002324,firm_7,86,49.33,24.13,86,0,947,2375163.28,43778.68,46715.51,2936.83,947,0.89,0.3,False
1002324,firm_7,87,51.8,21.72,87,0,957,2419380.51,46606.87,49572.6,2965.73,957,0.89,0.3,False
1002324,firm_7,88,54.39,19.55,88,0,967,2466660.61,49600.5,52595.13,2994.63,967,0.89,0.4,False
1002324,firm_7,89,59.83,19.55,87,0,956,2519194.4,54234.64,57197.48,2962.84,956,0.89,0.4,False
1002324,firm_7,90,53.85,21.51,88,0,966,2565480.58,48979.06,52019.1,3040.04,966,0.94,0.5,False
1002324,firm_7,91,48.46,20.43,89,0,977,2607335.35,44273.04,47345.42,3072.38,977,0.94,0.6,False
1002324,firm_7,92,50.88,19.41,90,0,987,2652105.23,47116.78,50218.56,3101.78,987,0.94,0.7,False
1002324,firm_7,93,53.42,17.47,89,0,976,2699618.88,49068.48,52137.92,3069.44,976,0.94,0.6,False
1002324,firm_7,94,56.09,18.34,89,140,975,2740955.27,43068.65,46835.15,3766.5,835,0.94,0.7,False
1002324,firm_7,95,50.48,19.26,90,202,986,2781256.55,42534.68,46643.52,4108.84,924,0.94,0.7,False
1002324,firm_7,96,45.43,19.26,91,0,997,2830093.43,51289.54,54470.57,3181.03,1199,0.99,0.6,False
1002324,firm_7,97,49.97,18.3,92,241,1007,2861770.92,33861.09,38277.02,4415.93,766,0.99,0.6,False
1002324,firm_7,98,52.47,16.47,93,325,1017,2903827.89,44088.68,48954.51,4865.83,933,0.99,0.6,False
1002324,firm_7,99,47.22,18.12,94,0,1027,2962095.32,60570.71,63841.44,3270.73,1352,0.99,0.7,False
1002324,firm_7,100,49.58,16.31,95,641,1038,2972968.61,13122.74,19683.26,6560.52,397,1.04,0.7,False
1002324,firm_8,1,48.99,33.22,23,0,263,113131.88,12047.91,12884.37,836.46,263,0.42,0.33,False
1002324,firm_8,2,53.89,36.54,24,0,276,125760.64,14005.72,14873.64,867.92,276,0.42,0.33,False
1002324,firm_8,3,59.28,40.19,25,0,288,140431.57,16175.68,17072.64,896.96,288,0.42,0.33,False
1002324,firm_8,4,65.21,44.21,26,0,302,157544.69,18762.58,19693.42,930.84,302,0.42,0.33,False
1002324,firm_8,5,71.73,48.63,27,0,314,177295.02,21563.34,22523.22,959.88,314,0.42,0.33,False
1002324,firm_8,6,78.9,53.49,28,0,325,199953.3,24656.0,25642.5,986.5,325,0.42,0.33,False
1002324,firm_8,7,86.79,58.84,29,0,337,225979.63,28232.69,29248.23,1015.54,337,0.42,0.33,False
1002324,firm_8,8,95.47,64.72,30,0,349,255812.48,32274.45,33319.03,1044.58,349,0.42,0.33,False
1002324,firm_8,9,105.02,71.19,31,0,360,289841.59,36736.0,37807.2,1071.2,360,0.42,0.33,False
1002324,firm_8,10,115.52,78.31,32,0,372,328708.87,41873.2,42973.44,1100.24,372,0.42,0.33,False
1002324,firm_8,11,127.07,86.14,33,0,383,372907.2,47540.95,48667.81,1126.86,383,0.42,0.33,False
1002324,firm_8,12,139.78,94.75,34,0,395,423242.9,54057.2,55213.1,1155.9,395,0.42,0.33,False
1002324,firm_8,13,153.76,104.22,35,0,406,480339.24,61244.04,62426.56,1182.52,406,0.42,0.33,False
1002324,firm_8,14,169.14,114.64,36,0,418,545201.16,69488.96,70700.52,1211.56,418,0.42,0.33,False
1002324,firm_8,15,186.05,126.1,37,0,430,618796.36,78760.9,80001.5,1240.6,430,0.42,0.33,False
1002324,firm_8,16,204.66,138.71,38,0,441,702013.22,88987.84,90255.06,1267.22,441,0.42,0.33,False
1002324,firm_8,17,204.66,124.84,39,0,453,787836.53,91392.07,92710.98,1318.91,453,0.47,0.23,False
1002324,firm_8,18,204.66,112.36,40,0,464,876235.09,93592.96,94962.24,1369.28,464,0.52,0.13,False
1002324,firm_8,19,204.66,101.12,41,0,476,967384.01,95994.84,97418.16,1423.32,476,0.57,0.1,False
1002324,firm_8,20,204.66,91.01,42,0,487,1061055.07,98193.48,99669.42,1475.94,487,0.62,0.1,False
1002324,firm_8,21,204.66,81.91,43,0,499,1157425.95,100593.01,102125.34,1532.33,499,0.67,0.1,False
1002324,firm_8,22,204.66,73.72,44,0,510,1256271.67,102789.4,104376.6,1587.2,510,0.72,0.1,False
1002324,firm_8,23,204.66,66.35,45,0,522,1357772.5,105186.58,106832.52,1645.94,522,0.77,0.1,False
1002324,firm_8,24,204.66,59.72,46,212,533,1417258.18,62932.8,65695.86,2763.06,321,0.82,0.1,False
1002324,firm_8,25,204.66,53.75,47,711,540,1417118.19,3086.26,8391.06,5304.8,41,0.87,0.1,False
1002324,firm_8,26,184.19,48.38,48,663,552,1519483.11,105387.16,110514.0,5126.84,600,0.92,0.1,False
1002324,firm_8,27,165.77,43.54,49,506,563,1631601.94,114952.29,119354.4,4402.11,720,0.97,0.1,False
1002324,firm_8,28,165.77,39.19,50,709,574,1684964.63,56022.19,61500.67,5478.48,371,1.02,0.1,False
1002324,firm_8,29,149.19,35.27,51,451,586,1804128.2,121662.34,125916.36,4254.02,844,1.07,0.1,False
1002324,firm_8,30,149.19,31.74,52,73,594,1944372.12,142594.4,145012.68,2418.28,972,1.12,0.1,False
1002324,firm_8,31,149.19,28.57,53,84,606,2028384.94,86227.03,88768.05,2541.02,595,1.17,0.1,False
1002324,firm_8,32,149.19,25.71,54,0,617,2128692.05,102395.45,104582.19,2186.74,701,1.22,0.1,False
1002324,firm_8,33,149.19,23.14,55,0,620,2216989.75,90270.4,92497.8,2227.4,620,1.27,0.1,False
1002324,firm_8,34,149.19,20.83,56,0,631,2306967.24,91843.97,94138.89,2294.92,631,1.32,0.1,False
1002324,firm_8,35,149.19,18.75,57,0,642,2398614.93,93416.44,95779.98,2363.54,642,1.37,0.1,False
1002324,firm_8,36,149.19,16.88,58,0,648,2491194.85,94258.96,96675.12,2416.16,648,1.42,0.1,False
1002324,firm_8,37,149.19,15.19,59,0,659,2585428.12,95829.48,98316.21,2486.73,659,1.47,0.1,False
1002324,firm_8,38,149.19,13.67,60,0,666,2680724.14,96816.22,99360.54,2544.32,666,1.52,0.1,False
1002324,firm_8,39,149.19,12.3,61,336,676,2725705.12,46431.28,50724.6,4293.32,340,1.57,0.1,False
1002324,firm_8,40,149.19,11.07,62,334,687,2822753.75,98434.97,102791.91,4356.94,689,1.62,0.1,False
1002324,firm_8,41,149.19,10.0,63,602,697,2879658.27,58234.52,64002.51,5767.99,429,1.67,0.1,False
1002324,firm_8,42,149.19,10.0,64,941,708,2925830.62,47512.35,55051.11,7538.76,369,1.72,0.1,False
1002324,firm_8,43,134.27,10.0,65,406,719,3087914.57,163433.95,168374.58,4940.63,1254,1.77,0.1,False
1002324,firm_8,44,134.27,10.0,66,326,729,3190564.22,104009.65,108624.43,4614.78,809,1.82,0.1,False
1002324,firm_8,45,134.27,10.0,67,0,739,3329131.84,139937.62,142997.55,3059.93,1065,1.87,0.1,False
1002324,firm_8,46,134.27,10.0,68,0,750,3425314.34,97562.5,100702.5,3140.0,750,1.92,0.1,False
1002324,firm_8,47,134.27,10.0,69,0,760,3522752.34,98828.0,102045.2,3217.2,760,1.97,0.1,False
1002324,firm_8,48,134.27,10.0,70,0,771,3621575.09,100222.75,103522.17,3299.42,771,2.02,0.1,False
1002324,firm_8,49,134.27,10.0,71,135,781,3702849.84,82684.75,86738.42,4053.67,646,2.07,0.1,False
1002324,firm_8,50,134.27,10.0,72,421,791,3763672.27,62242.43,67806.35,5563.92,505,2.12,0.1,False
1002324,firm_8,51,134.27,10.0,73,397,797,3866969.45,104727.18,110235.67,5508.49,821,2.17,0.1,False
1002324,firm_8,52,134.27,10.0,74,711,812,3925214.27,59684.82,66866.46,7181.64,498,2.22,0.1,False
1002324,firm_8,53,120.84,10.0,75,539,822,4037474.29,113710.02,120114.96,6404.94,994,2.27,0.1,False
1002324,firm_8,54,120.84,10.0,76,1095,832,4060096.89,24082.6,33351.84,9269.24,276,2.32,0.1,False
1002324,firm_8,55,108.76,10.0,77,0,842,4265415.47,206788.58,210668.12,3879.54,1937,2.37,0.1,False
1002324,firm_8,56,108.76,10.0,78,0,853,4352737.49,88802.02,92772.28,3970.26,853,2.42,0.1,False
1002324,firm_8,57,108.76,10.0,79,0,863,4441049.76,89802.27,93859.88,4057.61,863,2.47,0.1,False
1002324,firm_8,58,108.76,10.0,80,96,873,4519430.32,79880.56,84506.52,4625.96,777,2.52,0.1,False
1002324,firm_8,59,108.76,10.0,81,0,884,4620265.24,102344.92,106584.8,4239.88,980,2.57,0.1,False
1002324,firm_8,60,108.76,10.0,82,358,894,4670920.32,52175.08,58295.36,6120.28,536,2.62,0.1,False
1002324,firm_8,61,108.76,10.0,83,0,904,4802223.76,132833.44,137255.12,4421.68,1262,2.67,0.1,False
1002324,firm_8,62,108.76,10.0,84,571,914,4830619.36,29935.6,37304.68,7369.08,343,2.72,0.1,False
1002324,firm_8,63,108.76,10.0,85,0,925,4987162.07,158092.71,162704.96,4612.25,1496,2.77,0.1,False
1002324,firm_8,64,108.76,10.0,86,708,935,5002043.89,16441.82,24688.52,8246.7,227,2.82,0.1,False
1002324,firm_8,65,97.88,10.0,87,527,945,5103249.62,102775.73,110212.88,7437.15,1126,2.87,0.1,False
1002324,firm_8,66,97.88,10.0,88,0,955,5241829.18,140159.56,145058.16,4898.6,1482,2.92,0.1,False
1002324,firm_8,67,97.88,10.0,89,0,966,5329790.24,89551.06,94552.08,5001.02,966,2.97,0.1,False
1002324,firm_8,68,97.88,10.0,90,0,968,5417878.72,89688.48,94747.84,5059.36,968,3.02,0.1,False
1002324,firm_8,69,97.88,10.0,91,490,986,5457168.18,40899.46,48548.48,7649.02,496,3.07,0.1,False
1002324,firm_8,70,97.88,10.0,92,0,996,5595698.34,140150.16,145449.68,5299.52,1486,3.12,0.1,False
1002324,firm_8,71,97.88,10.0,93,0,1006,5687134.6,93066.26,98467.28,5401.02,1006,3.17,0.1,False
1002324,firm_8,72,97.88,10.0,94,0,1016,5779437.16,93942.56,99446.08,5503.52,1016,3.22,0.1,False
1002324,firm_8,73,97.88,10.0,95,0,1027,5872697.63,94910.47,100522.76,5612.29,1027,3.27,0.1,False
1002324,firm_8,74,97.88,10.0,96,0,1037,5966822.35,95784.72,101501.56,5716.84,1037,3.32,0.1,False
1002324,firm_8,75,97.88,10.0,97,0,1047,6061810.32,96657.97,102480.36,5822.39,1047,3.37,0.1,False
1002324,firm_8,76,97.88,10.0,98,0,1057,6157660.54,97530.22,103459.16,5928.94,1057,3.42,0.1,False
1002324,firm_8,77,97.88,10.0,99,0,1059,6253632.73,97662.19,103654.92,5992.73,1059,3.47,0.1,False
1002324,firm_8,78,97.88,10.0,100,0,1069,6350465.57,98532.84,104633.72,6100.88,1069,3.52,0.1,False
1002324,firm_8,79,97.88,10.0,101,0,1079,6448158.06,99402.49,105612.52,6210.03,1079,3.57,0.1,False
1002324,firm_8,80,97.88,10.0,102,0,1090,6546801.46,100363.4,106689.2,6325.8,1090,3.62,0.1,False
1002324,firm_8,81,97.88,10.0,103,0,1108,6647040.14,101968.68,108451.04,6482.36,1108,3.67,0.1,False
1002324,firm_8,82,97.88,10.0,104,0,1117,6748042.86,102742.72,109331.96,6589.24,1117,3.72,0.1,False
1002324,firm_8,83,97.88,10.0,105,0,1127,6849900.83,103607.97,110310.76,6702.79,1127,3.77,0.1,False
1002324,firm_8,84,97.88,10.0,106,0,1137,6952613.05,104472.22,111289.56,6817.34,1137,3.82,0.1,False
1002324,firm_8,85,97.88,10.0,107,0,1147,7056178.52,105335.47,112268.36,6932.89,1147,3.87,0.1,False
1002324,firm_8,86,97.88,10.0,108,0,1157,7160596.24,106197.72,113247.16,7049.44,1157,3.92,0.1,False
1002324,firm_8,87,97.88,10.0,109,0,1167,7265865.21,107058.97,114225.96,7166.99,1167,3.97,0.1,False
1002324,firm_8,88,97.88,10.0,110,0,1176,7371892.57,107827.36,115106.88,7279.52,1176,4.02,0.1,False
1002324,firm_8,89,97.88,10.0,111,0,1186,7478769.23,108686.66,116085.68,7399.02,1186,4.07,0.1,False
1002324,firm_8,90,97.88,10.0,112,727,1197,7511792.19,34842.96,46003.6,11160.64,470,4.12,0.1,False
1002324,firm_8,91,97.88,10.0,113,0,1206,7691523.21,181561.02,189202.04,7641.02,1933,4.17,0.1,False
1002324,firm_8,92,97.88,10.0,114,1086,1216,7689214.09,-469.12,12724.4,13193.52,130,4.22,0.1,False
1002324,firm_8,93,88.09,10.0,115,0,1226,7883141.15,195777.06,203664.08,7887.02,2312,4.27,0.1,False
1002324,firm_8,94,88.09,10.0,116,0,1225,7981249.4,99968.25,107910.25,7942.0,1225,4.32,0.1,False
1002324,firm_8,95,88.09,10.0,117,1057,1235,7981707.47,2328.07,15680.02,13351.95,178,4.37,0.1,False
1002324,firm_8,96,79.28,10.0,118,0,1244,8154064.27,174236.8,182423.28,8186.48,2301,4.42,0.1,False
1002324,firm_8,97,79.28,10.0,119,0,1253,8243205.2,91030.93,99337.84,8306.91,1253,4.47,0.1,False
1002324,firm_8,98,79.28,10.0,120,0,1263,8333001.08,91695.88,100130.64,8434.76,1263,4.52,0.1,False
1002324,firm_8,99,79.28,10.0,121,0,1272,8423378.2,92287.12,100844.16,8557.04,1272,4.57,0.1,False
1002324,firm_8,100,79.28,10.0,122,0,1295,8515352.9,93894.7,102667.6,8772.9,1295,4.62,0.1,False
1002324,firm_9,1,51.81,41.1,20,0,232,119720.72,11281.68,12019.92,738.24,232,0.32,0.22,False
1002324,firm_9,2,56.99,45.21,21,0,245,131365.46,13194.15,13962.55,768.4,245,0.32,0.32,False
1002324,firm_9,3,62.69,49.73,22,0,257,144986.49,15315.09,16111.33,796.24,257,0.32,0.42,False
1002324,firm_9,4,68.96,54.7,23,0,268,160787.91,17659.52,18481.28,821.76,268,0.32,0.52,False
1002324,firm_9,5,75.86,60.17,24,0,280,179135.03,20391.2,21240.8,849.6,280,0.32,0.62,False
1002324,firm_9,6,83.45,66.19,25,0,292,200370.24,23489.96,24367.4,877.44,292,0.32,0.72,False
1002324,firm_9,7,91.8,72.81,26,0,303,224789.62,26912.44,27815.4,902.96,303,0.32,0.82,False
1002324,firm_9,8,100.98,80.09,27,0,315,252905.09,30877.9,31808.7,930.8,315,0.32,0.92,False
1002324,firm_9,9,111.08,88.1,28,0,327,285202.81,35364.52,36323.16,958.64,327,0.32,1.02,False
1002324,firm_9,10,122.19,96.91,29,0,338,322108.48,40316.06,41300.22,984.16,338,0.32,1.12,False
1002324,firm_9,11,134.41,106.6,30,0,350,364341.98,46031.5,47043.5,1012.0,350,0.32,1.22,False
1002324,firm_9,12,147.85,117.26,31,0,362,412588.78,52481.86,53521.7,1039.84,362,0.32,1.32,False
1002324,firm_9,13,162.64,128.99,32,0,373,467460.46,59599.36,60664.72,1065.36,373,0.32,1.42,False
1002324,firm_9,14,178.9,141.89,33,0,385,529961.39,67783.3,68876.5,1093.2,385,0.32,1.52,False
1002324,firm_9,15,196.79,156.08,34,0,397,601059.26,77004.59,78125.63,1121.04,397,0.32,1.62,False
1002324,firm_9,16,216.47,171.69,35,0,408,681623.31,87173.2,88319.76,1146.56,408,0.32,1.72,False
1002324,firm_9,17,238.12,188.86,36,0,420,773060.35,98836.0,100010.4,1174.4,420,0.32,1.82,False
1002324,firm_9,18,261.93,207.75,37,0,431,876465.51,111691.91,112891.83,1199.92,431,0.32,1.92,False
1002324,firm_9,19,288.12,228.52,38,0,443,993591.15,126409.4,127637.16,1227.76,443,0.32,2.02,False
1002324,firm_9,20,316.93,251.37,39,0,455,1126135.27,142947.55,144203.15,1255.6,455,0.32,2.12,False
1002324,firm_9,21,348.62,276.51,40,291,466,1172747.25,58272.38,61008.5,2736.12,175,0.32,2.22,False
1002324,firm_9,22,313.76,304.16,41,625,478,1200424.17,40747.48,45181.44,4433.96,144,0.32,2.32,False
1002324,firm_9,23,282.38,334.58,41,526,478,1345600.69,158994.3,162933.26,3938.96,577,0.32,2.42,False
1002324,firm_9,24,254.14,368.04,42,277,490,1514630.67,185087.66,187809.46,2721.8,739,0.32,2.52,False
1002324,firm_9,25,228.73,404.84,43,0,501,1673212.17,176589.62,177951.94,1362.32,778,0.32,2.62,False
1002324,firm_9,26,251.6,445.32,44,513,513,1649062.93,-3955.16,0.0,3955.16,0,0.32,2.72,False
1002324,firm_9,27,226.44,489.85,45,394,525,1768859.04,142439.36,145827.36,3388.0,644,0.32,2.82,False
1002324,firm_9,28,203.8,500.0,46,0,536,1933349.52,188090.48,189534.0,1443.52,930,0.32,2.92,False
1002324,firm_9,29,224.18,500.0,47,0,548,2030628.8,121379.28,122850.64,1471.36,548,0.32,3.02,False
1002324,firm_9,30,246.6,500.0,48,275,559,2073191.32,67162.52,70034.4,2871.88,284,0.32,3.12,False
1002324,firm_9,31,221.94,500.0,49,0,571,2234327.84,186236.52,187761.24,1524.72,846,0.32,3.22,False
1002324,firm_9,32,244.13,500.0,50,0,583,2349503.07,140775.23,142327.79,1552.56,583,0.32,3.32,False
1002324,firm_9,33,268.54,500.0,51,0,594,2481337.75,157934.68,159512.76,1578.08,594,0.32,3.42,False
1002324,firm_9,34,295.39,500.0,52,606,606,2450101.83,-4635.92,0.0,4635.92,0,0.32,3.52,False
1002324,firm_9,35,265.85,500.0,53,735,618,2547693.72,124691.89,130000.65,5308.76,489,0.32,3.62,False
1002324,firm_9,36,239.26,500.0,53,887,618,2626520.12,105426.4,111495.16,6068.76,466,0.32,3.72,False
1002324,firm_9,37,215.33,500.0,53,255,618,2866173.86,266253.74,269162.5,2908.76,1250,0.32,3.82,False
1002324,firm_9,38,193.8,500.0,54,0,629,3008233.78,169659.92,171319.2,1659.28,884,0.32,3.92,False
1002324,firm_9,39,213.18,500.0,55,571,641,2990514.26,10380.48,14922.6,4542.12,70,0.32,4.02,False
1002324,firm_9,40,191.86,500.0,56,0,653,3195035.94,233121.68,234836.64,1714.96,1224,0.32,4.12,False
1002324,firm_9,41,211.05,500.0,57,605,664,3173622.41,7686.47,12451.95,4765.48,59,0.32,4.22,False
1002324,firm_9,42,189.95,500.0,58,666,676,3255743.34,111720.93,116819.25,5098.32,615,0.32,4.32,False
1002324,firm_9,43,170.96,500.0,58,0,676,3454303.34,227660.0,229428.32,1768.32,1342,0.32,4.42,False
1002324,firm_9,44,188.06,500.0,59,94,688,3533644.82,109441.48,111707.64,2266.16,594,0.32,4.52,False
1002324,firm_9,45,206.87,500.0,60,581,699,3542174.58,39129.76,43856.44,4726.68,212,0.32,4.62,False
1002324,firm_9,46,186.18,500.0,60,0,699,3748563.3,236488.72,238310.4,1821.68,1280,0.32,4.72,False
1002324,firm_9,47,204.8,500.0,61,646,711,3725695.78,8232.48,13312.0,5079.52,65,0.32,4.82,False
1002324,firm_9,48,184.32,500.0,61,6,711,3942232.58,247136.8,249016.32,1879.52,1351,0.32,4.92,False
1002324,firm_9,49,202.75,500.0,62,689,722,3913219.79,2587.21,7907.25,5320.04,39,0.32,5.02,False
1002324,firm_9,50,182.48,500.0,62,1150,722,3922122.03,40002.24,47627.28,7625.04,261,0.32,5.12,False
1002324,firm_9,51,164.23,500.0,62,262,722,4152247.29,261225.26,264410.3,3185.04,1610,0.32,5.22,False
1002324,firm_9,52,147.81,500.0,63,0,734,4265463.17,145315.88,147218.76,1902.88,996,0.32,5.32,False
1002324,firm_9,53,162.59,500.0,64,221,745,4315026.93,82163.76,85197.16,3033.4,524,0.32,5.42,False
1002324,firm_9,54,146.33,500.0,65,0,757,4423081.43,141154.5,143110.74,1956.24,978,0.32,5.52,False
1002324,firm_9,55,160.96,500.0,66,0,769,4511275.59,121794.16,123778.24,1984.08,769,0.32,5.62,False
1002324,firm_9,56,177.06,500.0,67,747,780,4477273.97,98.38,5842.98,5744.6,33,0.32,5.72,False
1002324,firm_9,57,159.35,500.0,67,918,780,4534118.52,90444.55,97044.15,6599.6,609,0.32,5.82,False
1002324,firm_9,58,143.42,500.0,67,0,780,4742036.08,241517.56,243527.16,2009.6,1698,0.32,5.92,False
1002324,firm_9,59,157.76,500.0,68,373,792,4769635.08,62199.0,66101.44,3902.44,419,0.32,6.0,False
1002324,firm_9,60,141.98,500.0,69,0,803,4899440.6,164905.52,166968.48,2062.96,1176,0.32,6.0,False
1002324,firm_9,61,156.18,500.0,70,394,815,4925531.58,61690.98,65751.78,4060.8,421,0.32,6.0,False
1002324,firm_9,62,140.56,500.0,71,0,827,5058936.7,169505.12,171623.76,2118.64,1221,0.32,6.0,False
1002324,firm_9,63,154.62,500.0,72,654,838,5045372.62,23035.92,28450.08,5414.16,184,0.32,6.0,False
1002324,firm_9,64,139.16,500.0,72,0,838,5214755.18,205482.56,207626.72,2144.16,1492,0.32,6.0,False
1002324,firm_9,65,153.08,500.0,73,850,850,5171233.18,-6422.0,0.0,6422.0,0,0.32,6.0,False
1002324,firm_9,66,137.77,500.0,73,1088,850,5211336.42,76703.24,84315.24,7612.0,612,0.32,6.0,False
1002324,firm_9,67,123.99,500.0,73,626,850,5332109.3,157372.88,162674.88,5302.0,1312,0.32,6.0,False
1002324,firm_9,68,111.59,500.0,73,0,850,5458044.14,162534.84,164706.84,2172.0,1476,0.32,6.0,False
1002324,firm_9,69,122.75,500.0,74,61,861,5516141.62,95697.48,98200.0,2502.52,800,0.32,6.0,False
1002324,firm_9,70,135.02,500.0,75,705,873,5503210.84,25169.22,30919.58,5750.36,229,0.32,6.0,False
1002324,firm_9,71,121.52,500.0,75,721,873,5563923.12,98312.28,104142.64,5830.36,857,0.32,6.0,False
1002324,firm_9,72,109.37,500.0,75,0,873,5698433.54,172110.42,174335.78,2225.36,1594,0.32,6.0,False
1002324,firm_9,73,120.31,500.0,76,684,884,5678324.66,18391.12,24062.0,5670.88,200,0.32,5.9,False
1002324,firm_9,74,108.28,500.0,76,0,884,5807756.82,167532.16,169783.04,2250.88,1568,0.32,6.0,False
1002324,firm_9,75,108.28,500.0,77,0,896,5863496.98,94740.16,97018.88,2278.72,896,0.32,5.9,False
1002324,firm_9,76,108.28,500.0,78,0,908,5920008.66,96011.68,98318.24,2306.56,908,0.32,5.8,False
1002324,firm_9,77,108.28,500.0,79,0,919,5977185.9,97177.24,99509.32,2332.08,919,0.32,5.7,False
1002324,firm_9,78,108.28,500.0,80,617,931,5965240.9,28555.0,33999.92,5444.92,314,0.32,5.6,False
1002324,firm_9,79,97.45,500.0,80,0,931,6073633.58,148492.68,150852.6,2359.92,1548,0.32,5.7,False
1002324,firm_9,80,97.45,500.0,81,1,942,6121943.59,89310.01,91700.45,2390.44,941,0.32,5.6,False
1002324,firm_9,81,97.45,500.0,82,0,954,6171095.06,90651.47,93064.75,2413.28,955,0.32,5.5,False
1002324,firm_9,82,97.45,500.0,83,567,966,6162701.49,33606.43,38882.55,5276.12,399,0.32,5.4,False
1002324,firm_9,83,87.7,500.0,84,0,977,6253043.65,132942.16,135408.8,2466.64,1544,0.32,5.5,False
1002324,firm_9,84,87.7,500.0,85,0,989,6294284.47,84240.82,86735.3,2494.48,989,0.32,5.4,False
1002324,firm_9,85,87.7,500.0,86,0,1000,6335964.47,85180.0,87700.0,2520.0,1000,0.32,5.3,False
1002324,firm_9,86,87.7,500.0,87,117,1012,6367323.13,75358.66,78491.5,3132.84,895,0.32,5.2,False
1002324,firm_9,87,87.7,500.0,88,0,1023,6420227.77,97404.64,99978.0,2573.36,1140,0.32,5.1,False
1002324,firm_9,88,87.7,500.0,89,236,1035,6441518.87,66291.1,70072.3,3781.2,799,0.32,5.0,False
1002324,firm_9,89,78.93,500.0,90,0,1047,6494557.02,98638.15,101267.19,2629.04,1283,0.32,5.1,False
1002324,firm_9,90,78.93,500.0,91,353,1058,6499783.11,51226.09,55645.65,4419.56,705,0.32,5.0,False
1002324,firm_9,91,71.04,500.0,92,0,1070,6551590.63,98407.52,101089.92,2682.4,1423,0.32,5.1,False
1002324,firm_9,92,71.04,500.0,93,0,1081,6578676.95,74086.32,76794.24,2707.92,1081,0.32,5.0,False
1002324,firm_9,93,71.04,500.0,94,0,1093,6606087.91,74910.96,77646.72,2735.76,1093,0.32,4.9,False
1002324,firm_9,94,71.04,500.0,95,0,1104,6633754.79,75666.88,78428.16,2761.28,1104,0.32,4.8,False
1002324,firm_9,95,71.04,500.0,96,580,1116,6617643.11,32388.32,38077.44,5689.12,536,0.32,4.7,False
1002324,firm_9,96,63.94,500.0,97,0,1127,6674874.05,106330.94,109145.58,2814.64,1707,0.32,4.8,False
1002324,firm_9,97,63.94,500.0,98,511,1139,6660130.89,34756.84,40154.32,5397.48,628,0.32,4.7,False
1002324,firm_9,98,57.55,500.0,99,0,1151,6702808.67,92777.78,95648.1,2870.32,1662,0.32,4.8,False
1002324,firm_9,99,57.55,500.0,100,0,1162,6716285.93,63977.26,66873.1,2895.84,1162,0.32,4.7,False
1002324,firm_9,100,57.55,500.0,101,51,1174,6726735.9,61449.97,64628.65,3178.68,1123,0.32,4.6,False
